Date,CBP_Intake,CBP_Custody,CBP_Transfers,HHS_Care,HHS_Discharges,Pipeline_Entries,Pipeline_Exits,Net_Pipeline_Flow,Positive_Accumulation,Negative_Accumulation,Transfer_Efficiency_Ratio,Transfer_Efficiency_Pct,Discharge_Effectiveness_Index,Discharge_Effectiveness_Pct,Daily_Pipeline_Throughput,Pipeline_Throughput_Pct,Exit_to_Entry_Activity_Ratio,CBP_Net_Pressure,CBP_Accumulation,CBP_Accumulation_Rate,CBP_Accumulation_Rate_Pct,HHS_Net_Pressure,HHS_Accumulation,HHS_Accumulation_Rate,HHS_Accumulation_Rate_Pct,Total_Stage_Pressure,Year,Month,Month_Name,Month_Period,Quarter,Weekday,Day_Type,Transfer_Efficiency_7Obs_Rolling,Discharge_Effectiveness_7Obs_Rolling,Throughput_7Obs_Rolling,Outcome_Stability_Score,CBP_Transfer_Bottleneck_Flag,HHS_Discharge_Bottleneck_Flag,Any_Bottleneck_Flag,Operational_Anomaly_Flag,High_CBP_Pressure_Flag,High_HHS_Pressure_Flag,High_System_Pressure_Flag,HHS_Performance_Deterioration_Flag
2023-01-12,33.0,53.0,34.0,6566,436.0,33.0,436.0,-403.0,0.0,-403.0,0.6415094339622641,64.15094339622641,0.06640268047517514,6.640268047517514,13.212121212121213,1321.2121212121212,13.212121212121213,-1.0,0.0,0.0,0.0,-402.0,0.0,0.0,0.0,0.0,2023,1,January,2023-01,1,Thursday,Weekday,,,,,False,False,False,False,False,False,False,False
2023-01-22,32.0,49.0,39.0,7122,227.0,32.0,227.0,-195.0,0.0,-195.0,0.7959183673469388,79.59183673469387,0.031873069362538614,3.1873069362538615,7.09375,709.375,7.09375,-7.0,0.0,0.0,0.0,-188.0,0.0,0.0,0.0,0.0,2023,1,January,2023-01,1,Sunday,Weekend,,,,,False,False,False,False,False,False,False,False
2023-01-23,32.0,50.0,39.0,7280,181.0,32.0,181.0,-149.0,0.0,-149.0,0.78,78.0,0.02486263736263736,2.4862637362637363,5.65625,565.625,5.65625,-7.0,0.0,0.0,0.0,-142.0,0.0,0.0,0.0,0.0,2023,1,January,2023-01,1,Monday,Weekday,0.7391426004364009,0.041046129066783704,8.654040404040403,64.86066888146607,False,False,False,False,False,False,False,False
2023-01-24,47.0,42.0,47.0,7433,175.0,47.0,175.0,-128.0,0.0,-128.0,1.119047619047619,111.90476190476191,0.023543656666218216,2.3543656666218213,3.723404255319149,372.3404255319149,3.723404255319149,0.0,0.0,0.0,0.0,-128.0,0.0,0.0,0.0,0.0,2023,1,January,2023-01,1,Tuesday,Weekday,0.8341188550892055,0.03667051096664233,7.42138136686009,64.53097267471885,False,False,False,False,False,False,False,False
2023-01-25,20.0,22.0,41.0,7538,180.0,20.0,180.0,-160.0,0.0,-160.0,1.8636363636363635,186.36363636363635,0.02387901300079597,2.387901300079597,9.0,900.0,9.0,-21.0,0.0,0.0,0.0,-139.0,0.0,0.0,0.0,0.0,2023,1,January,2023-01,1,Wednesday,Weekday,1.040022356798637,0.03411221137347306,7.737105093488073,64.99911460802522,False,False,False,False,False,False,False,False
2023-01-29,23.0,45.0,11.0,7472,303.0,23.0,303.0,-280.0,0.0,-280.0,0.24444444444444444,24.444444444444443,0.04055139186295503,4.055139186295503,13.173913043478262,1317.3913043478262,13.173913043478262,12.0,12.0,0.5217391304347826,52.17391304347826,-292.0,0.0,0.0,0.0,12.0,2023,1,January,2023-01,1,Sunday,Weekend,0.9074260380729383,0.03518540812172006,8.64323975181977,67.89408642320362,True,False,True,False,False,False,False,False
2023-01-30,34.0,54.0,29.0,7743,196.0,34.0,196.0,-162.0,0.0,-162.0,0.5370370370370371,53.70370370370371,0.025313186103577426,2.5313186103577427,5.764705882352941,576.4705882352941,5.764705882352941,5.0,5.0,0.14705882352941177,14.705882352941178,-167.0,0.0,0.0,0.0,5.0,2023,1,January,2023-01,1,Monday,Weekday,0.8545133236392382,0.03377509069055682,8.232020627610224,68.34909941708115,False,False,False,False,False,False,False,False
2023-01-31,26.0,36.0,36.0,7803,158.0,26.0,158.0,-132.0,0.0,-132.0,1.0,100.0,0.020248622324746893,2.0248622324746894,6.076923076923077,607.6923076923076,6.076923076923077,-10.0,0.0,0.0,0.0,-122.0,0.0,0.0,0.0,0.0,2023,1,January,2023-01,1,Tuesday,Weekday,0.905726261644629,0.027181653811924215,7.212706608296204,79.8630419399976,False,False,False,False,False,False,False,False
2023-02-01,25.0,32.0,27.0,7903,231.0,25.0,231.0,-206.0,0.0,-206.0,0.84375,84.375,0.029229406554472984,2.9229406554472983,9.24,924.0,9.24,-2.0,0.0,0.0,0.0,-204.0,0.0,0.0,0.0,0.0,2023,2,February,2023-02,1,Wednesday,Weekday,0.9125593520236378,0.02680398769648627,7.519313751153348,80.19154729360207,False,False,False,False,False,False,False,False
2023-02-02,15.0,13.0,23.0,7879,298.0,15.0,298.0,-283.0,0.0,-283.0,1.7692307692307692,176.9230769230769,0.03782205863688285,3.782205863688285,19.866666666666667,1986.6666666666667,19.866666666666667,-8.0,0.0,0.0,0.0,-275.0,0.0,0.0,0.0,0.0,2023,2,February,2023-02,1,Thursday,Weekday,1.053878033342319,0.028655333592807055,9.549373274962871,78.79860118322688,False,False,False,False,False,False,False,False
2023-02-05,16.0,18.0,15.0,7586,342.0,16.0,342.0,-326.0,0.0,-326.0,0.8333333333333334,83.33333333333334,0.04508304771948326,4.508304771948326,21.375,2137.5,21.375,1.0,1.0,0.0625,6.25,-327.0,0.0,0.0,0.0,1.0,2023,2,February,2023-02,1,Sunday,Weekend,1.013061706811707,0.0317323894575592,12.071029809917277,77.08125623413024,False,False,False,False,False,False,False,False
2023-02-06,11.0,22.0,12.0,7720,196.0,11.0,196.0,-185.0,0.0,-185.0,0.5454545454545454,54.54545454545454,0.02538860103626943,2.5388601036269427,17.818181818181817,1781.8181818181818,17.818181818181817,-1.0,0.0,0.0,0.0,-184.0,0.0,0.0,0.0,0.0,2023,2,February,2023-02,1,Monday,Weekday,0.8247500185000184,0.03194804489119827,13.330770069657538,77.56461685824155,False,False,False,False,False,False,False,False
2023-02-07,16.0,20.0,20.0,7855,200.0,16.0,200.0,-184.0,0.0,-184.0,1.0,100.0,0.025461489497135583,2.546148949713558,12.5,1250.0,12.5,-4.0,0.0,0.0,0.0,-180.0,0.0,0.0,0.0,0.0,2023,2,February,2023-02,1,Tuesday,Weekday,0.9326865264365265,0.02979234455322406,13.23449677773207,77.51901438374465,False,False,False,False,False,False,False,False
2023-02-08,93.0,196.0,169.0,7915,317.0,93.0,317.0,-224.0,0.0,-224.0,0.8622448979591837,86.22448979591837,0.04005053695514845,4.005053695514845,3.4086021505376345,340.86021505376345,3.4086021505376345,-76.0,0.0,0.0,0.0,-148.0,0.0,0.0,0.0,0.0,2023,2,February,2023-02,1,Wednesday,Weekday,0.9791447922825472,0.03189768038916278,12.897910530329884,77.7140383732253,False,False,False,False,False,False,False,False
2023-02-09,124.0,234.0,161.0,7908,353.0,124.0,353.0,-229.0,0.0,-229.0,0.688034188034188,68.80341880341881,0.044638340920586744,4.463834092058675,2.846774193548387,284.6774193548387,2.846774193548387,-37.0,0.0,0.0,0.0,-192.0,0.0,0.0,0.0,0.0,2023,2,February,2023-02,1,Thursday,Weekday,0.9345782477160027,0.03538192590285418,12.436460689847788,80.44796228356735,False,False,False,False,False,False,False,False
2023-02-12,92.0,203.0,173.0,7434,317.0,92.0,317.0,-225.0,0.0,-225.0,0.8522167487684729,85.22167487684729,0.042641915523271456,4.264191552327146,3.4456521739130435,344.5652173913044,3.4456521739130435,-81.0,0.0,0.0,0.0,-144.0,0.0,0.0,0.0,0.0,2023,2,February,2023-02,1,Sunday,Weekend,0.9357877832543561,0.037297998612682536,11.608696714692508,81.45187380337012,False,False,False,False,False,False,False,False
2023-02-13,186.0,259.0,172.0,7483,244.0,186.0,244.0,-58.0,0.0,-58.0,0.6640926640926641,66.40926640926641,0.03260724308432447,3.2607243084324473,1.3118279569892473,131.18279569892474,1.3118279569892473,14.0,14.0,0.07526881720430108,7.526881720430108,-72.0,0.0,0.0,0.0,14.0,2023,2,February,2023-02,1,Monday,Weekday,0.7779109110917697,0.036553024962317056,8.958005470452877,80.83413904862633,False,False,False,False,False,False,False,False
2023-02-14,154.0,225.0,220.0,7794,223.0,154.0,223.0,-69.0,0.0,-69.0,0.9777777777777777,97.77777777777777,0.02861175263022838,2.861175263022838,1.448051948051948,144.80519480519482,1.448051948051948,-66.0,0.0,0.0,0.0,-3.0,0.0,0.0,0.0,0.0,2023,2,February,2023-02,1,Tuesday,Weekday,0.7985458317266902,0.03419998280670922,6.111298605888868,80.68395377328636,False,False,False,False,False,False,False,False
2023-02-15,91.0,199.0,172.0,7869,290.0,91.0,290.0,-199.0,0.0,-199.0,0.864321608040201,86.4321608040201,0.036853475663997964,3.6853475663997965,3.1868131868131866,318.68131868131866,3.1868131868131866,-81.0,0.0,0.0,0.0,-118.0,0.0,0.0,0.0,0.0,2023,2,February,2023-02,1,Wednesday,Weekday,0.8440982692389268,0.035837822039241865,4.021103087121921,83.23020096591135,False,False,False,False,False,False,False,False
2023-02-16,81.0,213.0,153.0,7793,361.0,81.0,361.0,-280.0,0.0,-280.0,0.7183098591549296,71.83098591549296,0.046323623764917235,4.632362376491724,4.45679012345679,445.67901234567904,4.45679012345679,-72.0,0.0,0.0,0.0,-208.0,0.0,0.0,0.0,0.0,2023,2,February,2023-02,1,Thursday,Weekday,0.8038568205467739,0.03881812693463924,2.872073104758605,85.6702281451304,False,False,False,False,False,False,False,False
2023-02-20,209.0,285.0,184.0,7817,209.0,209.0,209.0,0.0,0.0,0.0,0.6456140350877193,64.56140350877193,0.02673659971856211,2.673659971856211,1.0,100.0,1.0,25.0,25.0,0.11961722488038277,11.961722488038278,-25.0,0.0,0.0,0.0,25.0,2023,2,February,2023-02,1,Monday,Weekday,0.772909554422279,0.036916135900841196,2.5279870832532287,82.41877986143646,False,False,False,False,False,False,False,False
2023-02-21,184.0,314.0,217.0,7967,213.0,184.0,213.0,-29.0,0.0,-29.0,0.6910828025477707,69.10828025477707,0.02673528304255052,2.673528304255052,1.1576086956521738,115.76086956521738,1.1576086956521738,-33.0,0.0,0.0,0.0,4.0,4.0,0.018433179723502304,1.8433179723502304,4.0,2023,2,February,2023-02,1,Tuesday,Weekday,0.7733450707813622,0.034358556203978874,2.2866777264109124,81.39025518389687,False,False,False,False,False,False,False,False
2023-02-22,107.0,215.0,230.0,7978,232.0,107.0,232.0,-125.0,0.0,-125.0,1.069767441860465,106.9767441860465,0.029079969917272498,2.90799699172725,2.1682242990654204,216.82242990654203,2.1682242990654204,-123.0,0.0,0.0,0.0,-2.0,0.0,0.0,0.0,0.0,2023,2,February,2023-02,1,Wednesday,Weekday,0.8044237412230755,0.03242113540312188,2.1041880300041096,82.01504023368271,False,False,False,False,False,False,False,False
2023-02-23,101.0,162.0,178.0,7914,386.0,101.0,386.0,-285.0,0.0,-285.0,1.0987654320987654,109.87654320987654,0.04877432398281526,4.877432398281526,3.8217821782178216,382.17821782178214,3.8217821782178216,-77.0,0.0,0.0,0.0,-208.0,0.0,0.0,0.0,0.0,2023,2,February,2023-02,1,Thursday,Weekday,0.8665198509382327,0.03473071838862057,2.462752918751048,78.64963363413986,False,False,False,False,False,False,False,False
2023-02-26,99.0,190.0,176.0,7609,323.0,99.0,323.0,-224.0,0.0,-224.0,0.9263157894736842,92.63157894736842,0.04244973058220528,4.244973058220528,3.2626262626262625,326.26262626262627,3.2626262626262625,-77.0,0.0,0.0,0.0,-147.0,0.0,0.0,0.0,0.0,2023,2,February,2023-02,1,Sunday,Weekend,0.8591681383233621,0.03670757238176013,2.7219778208330934,79.64422758935447,False,False,False,False,False,False,False,False
2023-02-27,167.0,239.0,166.0,7800,248.0,167.0,248.0,-81.0,0.0,-81.0,0.694560669456067,69.4560669456067,0.031794871794871796,3.1794871794871797,1.4850299401197604,148.50299401197603,1.4850299401197604,1.0,1.0,0.005988023952095809,0.5988023952095809,-82.0,0.0,0.0,0.0,1.0,2023,2,February,2023-02,1,Monday,Weekday,0.8349165756684859,0.03598491468617067,2.4788659284483185,79.0065277283335,False,False,False,False,False,False,False,False
2023-02-28,115.0,216.0,169.0,7896,200.0,115.0,200.0,-85.0,0.0,-85.0,0.7824074074074074,78.24074074074075,0.025329280648429583,2.532928064842958,1.7391304347826086,173.91304347826087,1.7391304347826086,-54.0,0.0,0.0,0.0,-31.0,0.0,0.0,0.0,0.0,2023,2,February,2023-02,1,Tuesday,Weekday,0.8440733682759827,0.03298572281238672,2.0906288300662923,78.4561585477446,False,False,False,False,False,False,False,False
2023-03-01,84.0,158.0,193.0,7930,307.0,84.0,307.0,-223.0,0.0,-223.0,1.2215189873417722,122.15189873417722,0.03871374527112232,3.871374527112232,3.6547619047619047,365.4761904761905,3.6547619047619047,-109.0,0.0,0.0,0.0,-114.0,0.0,0.0,0.0,0.0,2023,3,March,2023-03,1,Wednesday,Weekday,0.926345504312276,0.034696743605609606,2.4698805307465648,79.75321359636438,False,False,False,False,False,False,False,False
2023-03-02,130.0,227.0,192.0,7870,335.0,130.0,335.0,-205.0,0.0,-205.0,0.8458149779735683,84.58149779735683,0.042566709021601014,4.256670902160101,2.576923076923077,257.69230769230774,2.576923076923077,-62.0,0.0,0.0,0.0,-143.0,0.0,0.0,0.0,0.0,2023,3,March,2023-03,1,Thursday,Weekday,0.9484501008016757,0.03695837588833111,2.6726397280709793,81.39360452955009,False,False,False,False,False,False,False,False
2023-03-07,88.0,214.0,160.0,7859,259.0,88.0,259.0,-171.0,0.0,-171.0,0.7476635514018691,74.76635514018692,0.03295584679984731,3.295584679984731,2.9431818181818183,294.3181818181818,2.9431818181818183,-72.0,0.0,0.0,0.0,-99.0,0.0,0.0,0.0,0.0,2023,3,March,2023-03,1,Tuesday,Weekday,0.9024352593075905,0.03751207258584179,2.7833479450876077,82.49648723403774,False,False,False,False,False,False,False,False
2023-03-08,113.0,208.0,159.0,7885,291.0,113.0,291.0,-178.0,0.0,-178.0,0.7644230769230769,76.4423076923077,0.03690551680405834,3.690551680405834,2.575221238938053,257.5221238938053,2.575221238938053,-46.0,0.0,0.0,0.0,-132.0,0.0,0.0,0.0,0.0,2023,3,March,2023-03,1,Wednesday,Weekday,0.8546720657110637,0.03581652870316223,2.6052678109047838,85.1666660867293,False,False,False,False,False,False,False,False
2023-03-09,174.0,285.0,150.0,7786,340.0,174.0,340.0,-166.0,0.0,-166.0,0.5263157894736842,52.63157894736842,0.043668122270742356,4.366812227074235,1.9540229885057472,195.4022988505747,1.9540229885057472,24.0,24.0,0.13793103448275862,13.793103448275861,-190.0,0.0,0.0,0.0,24.0,2023,3,March,2023-03,1,Thursday,Weekday,0.7975292085682064,0.035990584658667536,2.418324486030424,84.76865715190225,False,False,False,False,False,False,False,False
2023-03-13,104.0,230.0,206.0,7567,249.0,104.0,249.0,-145.0,0.0,-145.0,0.8956521739130435,89.56521739130436,0.032906039381525046,3.2906039381525045,2.394230769230769,239.4230769230769,2.394230769230769,-102.0,0.0,0.0,0.0,-43.0,0.0,0.0,0.0,0.0,2023,3,March,2023-03,1,Monday,Weekday,0.8262565663477746,0.036149322885332284,2.5482103187605682,85.03972495899862,False,False,False,False,False,False,False,False
2023-03-14,147.0,276.0,214.0,7810,181.0,147.0,181.0,-34.0,0.0,-34.0,0.7753623188405797,77.53623188405797,0.023175416133162614,2.317541613316261,1.2312925170068028,123.12925170068027,1.2312925170068028,-67.0,0.0,0.0,0.0,33.0,33.0,0.1542056074766355,15.42056074766355,33.0,2023,3,March,2023-03,1,Tuesday,Weekday,0.825250125123942,0.035841627954579854,2.475662044792596,83.67843534504613,False,False,False,False,False,False,False,False
2023-03-15,108.0,220.0,213.0,7915,286.0,108.0,286.0,-178.0,0.0,-178.0,0.9681818181818181,96.81818181818181,0.0361339229311434,3.6133922931143396,2.6481481481481484,264.81481481481484,2.6481481481481484,-105.0,0.0,0.0,0.0,-73.0,0.0,0.0,0.0,0.0,2023,3,March,2023-03,1,Wednesday,Weekday,0.7890591009582343,0.03547308190601144,2.3318600795620594,83.75275530606547,False,False,False,False,False,False,False,False
2023-03-16,180.0,280.0,146.0,7989,308.0,180.0,308.0,-128.0,0.0,-128.0,0.5214285714285715,52.142857142857146,0.03855301038928527,3.855301038928527,1.711111111111111,171.11111111111111,1.711111111111111,34.0,34.0,0.18888888888888888,18.88888888888889,-162.0,0.0,0.0,0.0,34.0,2023,3,March,2023-03,1,Thursday,Weekday,0.7427181857375204,0.03489969638710919,2.2081726558746357,84.63140031934162,False,False,False,False,False,False,False,False
2023-03-19,134.0,294.0,186.0,7885,306.0,134.0,306.0,-172.0,0.0,-172.0,0.6326530612244898,63.26530612244898,0.03880786303107166,3.8807863031071657,2.283582089552239,228.3582089552239,2.283582089552239,-52.0,0.0,0.0,0.0,-120.0,0.0,0.0,0.0,0.0,2023,3,March,2023-03,1,Sunday,Weekend,0.7262881157121804,0.03573569870585552,2.113944123213267,84.76304233373216,False,False,False,False,False,False,False,False
2023-03-20,202.0,313.0,158.0,7931,279.0,202.0,279.0,-77.0,0.0,-77.0,0.5047923322683706,50.47923322683706,0.03517841381919052,3.517841381919052,1.381188118811881,138.1188118811881,1.381188118811881,44.0,44.0,0.21782178217821782,21.782178217821784,-121.0,0.0,0.0,0.0,44.0,2023,3,March,2023-03,1,Monday,Weekday,0.6891980093329367,0.035488969708017265,1.9433679631952427,84.71231573983306,False,False,False,False,False,False,False,False
2023-03-21,110.0,272.0,193.0,8050,221.0,110.0,221.0,-111.0,0.0,-111.0,0.7095588235294118,70.95588235294117,0.02745341614906832,2.745341614906832,2.0090909090909093,200.90909090909093,2.0090909090909093,-83.0,0.0,0.0,0.0,-28.0,0.0,0.0,0.0,0.0,2023,3,March,2023-03,1,Tuesday,Weekday,0.7153755856266121,0.033172583119206685,1.951234808993123,84.98120842363369,False,False,False,False,False,False,False,False
2023-03-22,166.0,277.0,229.0,8097,246.0,166.0,246.0,-80.0,0.0,-80.0,0.8267148014440433,82.67148014440433,0.030381622823267878,3.038162282326788,1.4819277108433735,148.19277108433735,1.4819277108433735,-63.0,0.0,0.0,0.0,-17.0,0.0,0.0,0.0,0.0,2023,3,March,2023-03,1,Wednesday,Weekday,0.7055273895596121,0.03281195218231281,1.8209058006520664,84.63111665860843,False,False,False,False,False,False,False,False
2023-03-23,136.0,276.0,178.0,8102,331.0,136.0,331.0,-195.0,0.0,-195.0,0.644927536231884,64.4927536231884,0.040854110096272524,4.0854110096272525,2.4338235294117645,243.38235294117646,2.4338235294117645,-42.0,0.0,0.0,0.0,-153.0,0.0,0.0,0.0,0.0,2023,3,March,2023-03,1,Thursday,Weekday,0.6868938491869413,0.03533747989132851,1.9926959452813466,87.96697708536223,False,False,False,False,False,False,False,False
2023-03-26,87.0,246.0,173.0,7847,352.0,87.0,352.0,-265.0,0.0,-265.0,0.7032520325203252,70.32520325203252,0.04485790748056582,4.485790748056582,4.045977011494253,404.59770114942535,4.045977011494253,-86.0,0.0,0.0,0.0,-179.0,0.0,0.0,0.0,0.0,2023,3,March,2023-03,1,Sunday,Weekend,0.6490467369495853,0.03658376339838886,2.1923857829022184,85.81736592242267,False,False,False,False,False,False,False,False
2023-03-27,84.0,171.0,157.0,7994,235.0,84.0,235.0,-151.0,0.0,-151.0,0.9181286549707602,91.81286549707602,0.02939704778583938,2.939704778583938,2.7976190476190474,279.76190476190476,2.7976190476190474,-73.0,0.0,0.0,0.0,-78.0,0.0,0.0,0.0,0.0,2023,3,March,2023-03,1,Monday,Weekday,0.7057181774556122,0.03527576874075373,2.347601202403353,84.39880521767596,False,False,False,False,False,False,False,False
2023-03-28,167.0,209.0,157.0,8079,223.0,167.0,223.0,-56.0,0.0,-56.0,0.7511961722488039,75.11961722488039,0.02760242604282708,2.760242604282708,1.3353293413173652,133.5329341317365,1.3353293413173652,10.0,10.0,0.059880239520958084,5.9880239520958085,-66.0,0.0,0.0,0.0,10.0,2023,3,March,2023-03,1,Tuesday,Weekday,0.7226529076019428,0.03367499202814736,2.2121365240840847,83.04574315154707,False,False,False,False,False,False,False,False
2023-03-29,109.0,245.0,159.0,8208,267.0,109.0,267.0,-158.0,0.0,-158.0,0.6489795918367347,64.89795918367346,0.03252923976608187,3.252923976608187,2.44954128440367,244.954128440367,2.44954128440367,-50.0,0.0,0.0,0.0,-108.0,0.0,0.0,0.0,0.0,2023,3,March,2023-03,1,Wednesday,Weekday,0.7432510875402805,0.033296538591988986,2.3647584048829122,82.93490332572347,False,False,False,False,False,False,False,False
2023-03-30,156.0,256.0,176.0,8158,359.0,156.0,359.0,-203.0,0.0,-203.0,0.6875,68.75,0.04400588379504781,4.40058837950478,2.301282051282051,230.1282051282051,2.301282051282051,-20.0,0.0,0.0,0.0,-183.0,0.0,0.0,0.0,0.0,2023,3,March,2023-03,1,Thursday,Weekday,0.7400998270360788,0.03566117682712891,2.4064999966245035,82.93524530404227,False,False,False,False,False,False,False,False
2023-04-02,125.0,232.0,192.0,7981,304.0,125.0,304.0,-179.0,0.0,-179.0,0.8275862068965517,82.75862068965517,0.03809046485402832,3.8090464854028316,2.432,243.2,2.432,-67.0,0.0,0.0,0.0,-112.0,0.0,0.0,0.0,0.0,2023,4,April,2023-04,2,Sunday,Weekend,0.7402243135292943,0.0367624399743804,2.5422246093611642,84.03695047778362,False,False,False,False,False,False,False,False
2023-04-03,118.0,139.0,168.0,8054,284.0,118.0,284.0,-166.0,0.0,-166.0,1.20863309352518,120.86330935251799,0.03526198162403774,3.5261981624037744,2.406779661016949,240.6779661016949,2.406779661016949,-50.0,0.0,0.0,0.0,-116.0,0.0,0.0,0.0,0.0,2023,4,April,2023-04,2,Monday,Weekday,0.8207536788569081,0.03596356447834686,2.5383611995904767,84.1909383689783,False,False,False,False,False,False,False,False
2023-04-04,142.0,235.0,139.0,8068,259.0,142.0,259.0,-117.0,0.0,-117.0,0.5914893617021276,59.148936170212764,0.03210213187902826,3.2102131879028257,1.823943661971831,182.3943661971831,1.823943661971831,3.0,3.0,0.02112676056338028,2.112676056338028,-120.0,0.0,0.0,0.0,3.0,2023,4,April,2023-04,2,Tuesday,Weekday,0.8047875830257369,0.03414131082098435,2.220927863944416,85.97266210522606,False,False,False,False,False,False,False,False
2023-04-05,148.0,245.0,175.0,8175,260.0,148.0,260.0,-112.0,0.0,-112.0,0.7142857142857143,71.42857142857143,0.031804281345565746,3.180428134556575,1.7567567567567568,175.67567567567568,1.7567567567567568,-27.0,0.0,0.0,0.0,-85.0,0.0,0.0,0.0,0.0,2023,4,April,2023-04,2,Wednesday,Weekday,0.7756671629278732,0.03448520132951669,2.072233250964089,86.68636518546568,False,False,False,False,False,False,False,False
2023-04-06,119.0,219.0,210.0,8178,284.0,119.0,284.0,-165.0,0.0,-165.0,0.958904109589041,95.8904109589041,0.0347273171924676,3.47273171924676,2.3865546218487395,238.65546218487395,2.3865546218487395,-91.0,0.0,0.0,0.0,-74.0,0.0,0.0,0.0,0.0,2023,4,April,2023-04,2,Thursday,Weekday,0.8053397254050499,0.03550304292232248,2.2224082910399994,89.07597715987235,False,False,False,False,False,False,False,False
2023-04-09,105.0,210.0,149.0,7900,329.0,105.0,329.0,-224.0,0.0,-224.0,0.7095238095238096,70.95238095238095,0.04164556962025316,4.1645569620253164,3.1333333333333333,313.3333333333333,3.1333333333333333,-44.0,0.0,0.0,0.0,-180.0,0.0,0.0,0.0,0.0,2023,4,April,2023-04,2,Sunday,Weekend,0.8139888993603464,0.036805375758632665,2.320092869458523,88.74394675871429,False,False,False,False,False,False,False,False
2023-04-10,143.0,203.0,163.0,7826,265.0,143.0,265.0,-122.0,0.0,-122.0,0.8029556650246306,80.29556650246306,0.03386148734985944,3.3861487349859445,1.8531468531468531,185.3146853146853,1.8531468531468531,-20.0,0.0,0.0,0.0,-102.0,0.0,0.0,0.0,0.0,2023,4,April,2023-04,2,Monday,Weekday,0.8304825657924363,0.035356176266462896,2.256073555439209,91.02730279396806,False,False,False,False,False,False,False,False
2023-04-11,119.0,209.0,152.0,7922,187.0,119.0,187.0,-68.0,0.0,-68.0,0.7272727272727273,72.72727272727273,0.023605150214592276,2.3605150214592276,1.5714285714285714,157.14285714285714,1.5714285714285714,-33.0,0.0,0.0,0.0,-35.0,0.0,0.0,0.0,0.0,2023,4,April,2023-04,2,Tuesday,Weekday,0.8161520687033186,0.03328684560368632,2.1331347799290046,86.09161903699784,False,False,False,False,False,False,False,False
2023-04-12,155.0,212.0,181.0,7876,283.0,155.0,283.0,-128.0,0.0,-128.0,0.8537735849056604,85.37735849056604,0.035931945149822245,3.5931945149822244,1.8258064516129033,182.58064516129033,1.8258064516129033,-26.0,0.0,0.0,0.0,-102.0,0.0,0.0,0.0,0.0,2023,4,April,2023-04,2,Wednesday,Weekday,0.7654578531862443,0.033382554678798394,2.050138607156998,86.02216305052724,False,False,False,False,False,False,False,False
2023-04-13,109.0,214.0,173.0,7795,370.0,109.0,370.0,-261.0,0.0,-261.0,0.8084112149532711,80.8411214953271,0.04746632456703015,4.746632456703015,3.3944954128440368,339.44954128440367,3.3944954128440368,-64.0,0.0,0.0,0.0,-197.0,0.0,0.0,0.0,0.0,2023,4,April,2023-04,2,Thursday,Weekday,0.7964466893649791,0.03557743934851294,2.274503142995885,82.54627177472942,False,False,False,False,False,False,False,False
2023-04-16,191.0,283.0,192.0,7380,272.0,191.0,272.0,-81.0,0.0,-81.0,0.6784452296819788,67.84452296819788,0.03685636856368564,3.685636856368564,1.4240837696335078,142.40837696335078,1.4240837696335078,-1.0,0.0,0.0,0.0,-80.0,0.0,0.0,0.0,0.0,2023,4,April,2023-04,2,Sunday,Weekend,0.7913266201358741,0.03629916609395865,2.2269784305497065,83.17954985213429,False,False,False,False,False,False,False,False
2023-04-17,170.0,297.0,196.0,7344,248.0,170.0,248.0,-78.0,0.0,-78.0,0.6599326599326599,65.993265993266,0.03376906318082789,3.376906318082789,1.4588235294117646,145.88235294117646,1.4588235294117646,-26.0,0.0,0.0,0.0,-52.0,0.0,0.0,0.0,0.0,2023,4,April,2023-04,2,Monday,Weekday,0.7486164130421054,0.036162272663724404,2.0944454173444242,83.04451705495075,False,False,False,False,False,False,False,False
2023-04-18,152.0,272.0,214.0,7376,234.0,152.0,234.0,-82.0,0.0,-82.0,0.7867647058823529,78.67647058823529,0.03172451193058568,3.1724511930585684,1.5394736842105263,153.94736842105263,1.5394736842105263,-62.0,0.0,0.0,0.0,-20.0,0.0,0.0,0.0,0.0,2023,4,April,2023-04,2,Tuesday,Weekday,0.7596508268076116,0.034744978708057615,1.866751181755452,83.02815355108345,False,False,False,False,False,False,False,False
2023-04-19,239.0,367.0,224.0,7356,229.0,239.0,229.0,10.0,10.0,0.0,0.6103542234332425,61.03542234332425,0.0311310494834149,3.11310494834149,0.9581589958158996,95.81589958158996,0.9581589958158996,15.0,15.0,0.06276150627615062,6.2761506276150625,-5.0,0.0,0.0,0.0,15.0,2023,4,April,2023-04,2,Wednesday,Weekday,0.732136335151699,0.0343549161557084,1.7388957735653159,82.6086470409669,False,False,False,False,False,False,False,False
2023-04-20,113.0,280.0,237.0,7490,320.0,113.0,320.0,-207.0,0.0,-207.0,0.8464285714285714,84.64285714285714,0.042723631508678236,4.2723631508678235,2.831858407079646,283.1858407079646,2.831858407079646,-124.0,0.0,0.0,0.0,-83.0,0.0,0.0,0.0,0.0,2023,4,April,2023-04,2,Thursday,Weekday,0.7491585986025339,0.03708612776914925,1.9189571786583264,86.07086278055527,False,False,False,False,False,False,False,False
2023-04-23,196.0,306.0,187.0,7534,266.0,196.0,266.0,-70.0,0.0,-70.0,0.6111111111111112,61.111111111111114,0.03530661003451022,3.5306610034510224,1.3571428571428572,135.71428571428572,1.3571428571428572,9.0,9.0,0.04591836734693878,4.591836734693878,-79.0,0.0,0.0,0.0,9.0,2023,4,April,2023-04,2,Sunday,Weekend,0.7144925309175983,0.03699679418124753,1.852005236591177,85.99263421716412,False,False,False,False,False,False,False,False
2023-04-24,236.0,330.0,222.0,7796,213.0,236.0,213.0,23.0,23.0,0.0,0.6727272727272727,67.27272727272727,0.027321703437660338,2.732170343766034,0.902542372881356,90.2542372881356,0.902542372881356,14.0,14.0,0.059322033898305086,5.932203389830509,9.0,9.0,0.04054054054054054,4.054054054054054,23.0,2023,4,April,2023-04,2,Monday,Weekday,0.6951091105995986,0.034118991162766135,1.4960119451679366,87.44695314192636,False,False,False,False,False,False,False,False
2023-04-25,81.0,230.0,242.0,8017,202.0,81.0,202.0,-121.0,0.0,-121.0,1.0521739130434782,105.21739130434781,0.025196457527753523,2.5196457527753524,2.493827160493827,249.3827160493827,2.493827160493827,-161.0,0.0,0.0,0.0,40.0,40.0,0.1652892561983471,16.528925619834713,40.0,2023,4,April,2023-04,2,Tuesday,Weekday,0.7484989225083841,0.0324532895862044,1.6488324295765537,85.00543859099615,False,False,False,False,False,False,False,False
2023-04-26,118.0,245.0,160.0,8117,256.0,118.0,256.0,-138.0,0.0,-138.0,0.6530612244897959,65.3061224489796,0.03153874584205987,3.153874584205987,2.169491525423729,216.94915254237287,2.169491525423729,-42.0,0.0,0.0,0.0,-96.0,0.0,0.0,0.0,0.0,2023,4,April,2023-04,2,Wednesday,Weekday,0.7475172888736893,0.03213467282352325,1.7503564290068343,84.9317842906094,False,False,False,False,False,False,False,False
2023-04-27,218.0,283.0,208.0,8159,310.0,218.0,310.0,-92.0,0.0,-92.0,0.734982332155477,73.4982332155477,0.03799485231033215,3.799485231033215,1.4220183486238531,142.2018348623853,1.4220183486238531,10.0,10.0,0.045871559633027525,4.587155963302752,-102.0,0.0,0.0,0.0,10.0,2023,4,April,2023-04,2,Thursday,Weekday,0.740119806912707,0.033030435734915604,1.7335770953515954,84.40174184493493,False,False,False,False,False,False,False,False
2023-04-30,132.0,243.0,183.0,8352,293.0,132.0,293.0,-161.0,0.0,-161.0,0.7530864197530864,75.30864197530865,0.03508141762452107,3.508141762452107,2.2196969696969697,221.96969696969697,2.2196969696969697,-51.0,0.0,0.0,0.0,-110.0,0.0,0.0,0.0,0.0,2023,4,April,2023-04,2,Sunday,Weekend,0.7605101206726849,0.033594774040787916,1.9137968059060337,84.67103742406002,False,False,False,False,False,False,False,False
2023-05-01,224.0,315.0,152.0,8492,237.0,224.0,237.0,-13.0,0.0,-13.0,0.48253968253968255,48.25396825396825,0.027908619877531796,2.7908619877531797,1.0580357142857142,105.80357142857142,1.0580357142857142,72.0,72.0,0.32142857142857145,32.142857142857146,-85.0,0.0,0.0,0.0,72.0,2023,5,May,2023-05,2,Monday,Weekday,0.7085259936885577,0.031478343807767,1.6603935640783294,86.7131236016394,True,False,True,False,True,False,True,False
2023-05-02,167.0,326.0,213.0,8654,245.0,167.0,245.0,-78.0,0.0,-78.0,0.6533742331288344,65.33742331288343,0.028310607811416685,2.8310607811416686,1.467065868263473,146.7065868263473,1.467065868263473,-46.0,0.0,0.0,0.0,-32.0,0.0,0.0,0.0,0.0,2023,5,May,2023-05,2,Tuesday,Weekday,0.7145635825482325,0.030478914918753635,1.6760968513812744,86.84123947054806,False,False,False,False,False,False,False,False
2023-05-03,209.0,353.0,232.0,8704,267.0,209.0,267.0,-58.0,0.0,-58.0,0.6572237960339944,65.72237960339945,0.030675551470588234,3.0675551470588234,1.277511961722488,127.7511961722488,1.277511961722488,-23.0,0.0,0.0,0.0,-35.0,0.0,0.0,0.0,0.0,2023,5,May,2023-05,2,Wednesday,Weekday,0.7123488001634783,0.03095803606631476,1.7296639355014365,87.54276295845008,False,False,False,False,False,False,False,False
2023-05-04,153.0,253.0,286.0,8790,332.0,153.0,332.0,-179.0,0.0,-179.0,1.1304347826086956,113.04347826086956,0.03777019340159272,3.777019340159272,2.1699346405228757,216.99346405228758,2.1699346405228757,-133.0,0.0,0.0,0.0,-46.0,0.0,0.0,0.0,0.0,2023,5,May,2023-05,2,Thursday,Weekday,0.7235289243870808,0.03275428404829179,1.6833935755055862,88.5765700970474,False,False,False,False,False,False,False,False
2023-05-07,180.0,337.0,219.0,8485,375.0,180.0,375.0,-195.0,0.0,-195.0,0.6498516320474778,64.98516320474778,0.04419563936358279,4.419563936358279,2.0833333333333335,208.33333333333334,2.0833333333333335,-39.0,0.0,0.0,0.0,-156.0,0.0,0.0,0.0,0.0,2023,5,May,2023-05,2,Sunday,Weekend,0.7230704111810355,0.03456241169422363,1.6710852623498156,85.27809017167912,False,False,False,False,False,False,False,False
2023-05-08,133.0,287.0,189.0,8590,261.0,133.0,261.0,-128.0,0.0,-128.0,0.6585365853658537,65.85365853658537,0.03038416763678696,3.038416763678696,1.962406015037594,196.2406015037594,1.962406015037594,-56.0,0.0,0.0,0.0,-72.0,0.0,0.0,0.0,0.0,2023,5,May,2023-05,2,Monday,Weekday,0.7121495902110893,0.033475171026574324,1.748283500408921,84.95067854242988,False,False,False,False,False,False,False,False
2023-05-09,187.0,310.0,247.0,8606,250.0,187.0,250.0,-63.0,0.0,-63.0,0.7967741935483871,79.6774193548387,0.029049500348594003,2.9049500348594,1.3368983957219251,133.6898395721925,1.3368983957219251,-60.0,0.0,0.0,0.0,-3.0,0.0,0.0,0.0,0.0,2023,5,May,2023-05,2,Tuesday,Weekday,0.718390700753275,0.03261346855858474,1.6221694184124862,84.25642123338692,False,False,False,False,False,False,False,False
2023-05-10,168.0,285.0,210.0,8681,304.0,168.0,304.0,-136.0,0.0,-136.0,0.7368421052631579,73.68421052631578,0.03501900702684022,3.501900702684022,1.8095238095238095,180.95238095238096,1.8095238095238095,-42.0,0.0,0.0,0.0,-94.0,0.0,0.0,0.0,0.0,2023,5,May,2023-05,2,Wednesday,Weekday,0.7547196182852002,0.03362923815134309,1.7295248605893572,85.37111181208192,False,False,False,False,False,False,False,False
2023-05-11,269.0,412.0,204.0,8672,392.0,269.0,392.0,-123.0,0.0,-123.0,0.49514563106796117,49.51456310679612,0.045202952029520294,4.520295202952029,1.4572490706319703,145.72490706319704,1.4572490706319703,65.0,65.0,0.241635687732342,24.1635687732342,-188.0,0.0,0.0,0.0,65.0,2023,5,May,2023-05,2,Thursday,Weekday,0.7321155322765039,0.036042430182500744,1.728122460927714,84.45305175398045,True,False,True,False,True,False,True,False
2023-05-14,100.0,255.0,236.0,8445,288.0,100.0,288.0,-188.0,0.0,-188.0,0.9254901960784314,92.54901960784314,0.03410301953818828,3.4103019538188275,2.88,288.0,2.88,-136.0,0.0,0.0,0.0,-52.0,0.0,0.0,0.0,0.0,2023,5,May,2023-05,2,Sunday,Weekend,0.7704393037114236,0.03653206847787218,1.9570493235387867,85.31030815495191,False,False,False,False,False,False,False,False
2023-05-15,205.0,294.0,177.0,8571,277.0,205.0,277.0,-72.0,0.0,-72.0,0.6020408163265306,60.204081632653065,0.03231828258079571,3.2318282580795707,1.351219512195122,135.1219512195122,1.351219512195122,28.0,28.0,0.13658536585365855,13.658536585365855,-100.0,0.0,0.0,0.0,28.0,2023,5,May,2023-05,2,Monday,Weekday,0.6949544513854,0.035753224074901176,1.840090019491965,84.72239833629347,False,False,False,False,False,False,False,False
2023-05-16,161.0,304.0,211.0,8572,272.0,161.0,272.0,-111.0,0.0,-111.0,0.694078947368421,69.4078947368421,0.03173121791880541,3.173121791880541,1.68944099378882,168.944099378882,1.68944099378882,-50.0,0.0,0.0,0.0,-61.0,0.0,0.0,0.0,0.0,2023,5,May,2023-05,2,Tuesday,Weekday,0.7012726392883918,0.03397259243993298,1.78381968527132,86.38186443542585,False,False,False,False,False,False,False,False
2023-05-17,57.0,162.0,193.0,8569,307.0,57.0,307.0,-250.0,0.0,-250.0,1.191358024691358,119.1358024691358,0.03582681759831952,3.5826817598319525,5.385964912280702,538.5964912280702,5.385964912280702,-136.0,0.0,0.0,0.0,-114.0,0.0,0.0,0.0,0.0,2023,5,May,2023-05,2,Wednesday,Weekday,0.7773899877634639,0.034750113863009066,2.2728995277346216,87.1174673128665,False,False,False,False,False,False,False,False
2023-05-18,80.0,122.0,152.0,8474,351.0,80.0,351.0,-271.0,0.0,-271.0,1.2459016393442623,124.59016393442623,0.041420816615529855,4.142081661552986,4.3875,438.75,4.3875,-72.0,0.0,0.0,0.0,-199.0,0.0,0.0,0.0,0.0,2023,5,May,2023-05,2,Thursday,Weekday,0.841551051448589,0.03651744475828561,2.7086997569172033,88.00737853383639,False,False,False,False,False,False,False,False
2023-05-21,107.0,170.0,133.0,7826,343.0,107.0,343.0,-236.0,0.0,-236.0,0.7823529411764706,78.23529411764706,0.04382826475849732,4.382826475849732,3.205607476635514,320.5607476635514,3.205607476635514,-26.0,0.0,0.0,0.0,-210.0,0.0,0.0,0.0,0.0,2023,5,May,2023-05,2,Sunday,Weekend,0.848052599436205,0.037775910148522336,2.908140280790304,87.07377550785877,False,False,False,False,False,False,False,False
2023-05-22,99.0,156.0,139.0,7848,240.0,99.0,240.0,-141.0,0.0,-141.0,0.8910256410256411,89.1025641025641,0.03058103975535168,3.058103975535168,2.4242424242424243,242.42424242424244,2.4242424242424243,-40.0,0.0,0.0,0.0,-101.0,0.0,0.0,0.0,0.0,2023,5,May,2023-05,2,Monday,Weekday,0.9046068865730164,0.035687065537926825,3.0462821884489406,87.54198058326683,False,False,False,False,False,False,False,False
2023-05-23,25.0,66.0,94.0,7788,246.0,25.0,246.0,-221.0,0.0,-221.0,1.4242424242424243,142.42424242424244,0.031587057010785825,3.1587057010785826,9.84,984.0,9.84,-69.0,0.0,0.0,0.0,-152.0,0.0,0.0,0.0,0.0,2023,5,May,2023-05,2,Tuesday,Weekday,0.9758572048821582,0.035327642319726474,4.040567902734655,86.96785356108623,False,False,False,False,False,False,False,False
2023-05-24,35.0,70.0,53.0,7709,276.0,35.0,276.0,-241.0,0.0,-241.0,0.7571428571428571,75.71428571428571,0.0358023089894928,3.5802308989492797,7.885714285714286,788.5714285714287,7.885714285714286,-18.0,0.0,0.0,0.0,-223.0,0.0,0.0,0.0,0.0,2023,5,May,2023-05,2,Wednesday,Weekday,0.9980146392844906,0.03582536037811178,4.974067156094535,87.48517731683353,False,False,False,False,False,False,False,False
2023-05-25,43.0,73.0,64.0,7546,408.0,43.0,408.0,-365.0,0.0,-365.0,0.8767123287671232,87.67123287671232,0.05406838059899284,5.406838059899284,9.488372093023257,948.8372093023256,9.488372093023257,-21.0,0.0,0.0,0.0,-344.0,0.0,0.0,0.0,0.0,2023,5,May,2023-05,2,Thursday,Weekday,1.0241051223414481,0.03901638361813855,6.088200170270882,82.65252155094298,False,False,False,False,False,False,False,False
2023-05-29,41.0,60.0,71.0,6996,207.0,41.0,207.0,-166.0,0.0,-166.0,1.1833333333333333,118.33333333333333,0.029588336192109776,2.9588336192109774,5.048780487804878,504.8780487804878,5.048780487804878,-30.0,0.0,0.0,0.0,-136.0,0.0,0.0,0.0,0.0,2023,5,May,2023-05,2,Monday,Weekday,1.0229587378617302,0.03812517198868002,6.040030966774338,81.06998632728475,False,False,False,False,False,False,False,False
2023-05-30,65.0,83.0,65.0,7046,168.0,65.0,168.0,-103.0,0.0,-103.0,0.7831325301204819,78.3132530120482,0.023843315356230486,2.3843315356230486,2.5846153846153848,258.46153846153845,2.5846153846153848,0.0,0.0,0.0,0.0,-103.0,0.0,0.0,0.0,0.0,2023,5,May,2023-05,2,Tuesday,Weekday,0.956848865115476,0.03561410038020867,5.782476021719392,77.73280805367556,False,False,False,False,False,False,False,False
2023-05-31,38.0,80.0,82.0,7053,210.0,38.0,210.0,-172.0,0.0,-172.0,1.025,102.49999999999999,0.029774564015312633,2.9774564015312635,5.526315789473684,552.6315789473684,5.526315789473684,-44.0,0.0,0.0,0.0,-128.0,0.0,0.0,0.0,0.0,2023,5,May,2023-05,2,Wednesday,Weekday,0.9915127306616943,0.03360642884546801,6.1140057806962735,77.62689276984362,False,False,False,False,False,False,False,False
2023-06-01,56.0,82.0,68.0,7002,287.0,56.0,287.0,-231.0,0.0,-231.0,0.8292682926829268,82.92682926829268,0.040988289060268496,4.098828906026849,5.125,512.5,5.125,-12.0,0.0,0.0,0.0,-219.0,0.0,0.0,0.0,0.0,2023,6,June,2023-06,2,Thursday,Weekday,0.982690252327021,0.035093178746170406,6.499828291518784,77.92832625981404,False,False,False,False,False,False,False,False
2023-06-04,74.0,103.0,80.0,6555,292.0,74.0,292.0,-218.0,0.0,-218.0,0.7766990291262136,77.66990291262135,0.04454614797864226,4.454614797864226,3.945945945945946,394.5945945945946,3.945945945945946,-6.0,0.0,0.0,0.0,-212.0,0.0,0.0,0.0,0.0,2023,6,June,2023-06,2,Sunday,Weekend,0.890184053024705,0.03694447745586419,5.6578205695110615,78.07473220540214,False,False,False,False,False,False,False,False
2023-06-05,68.0,107.0,102.0,6523,189.0,68.0,189.0,-121.0,0.0,-121.0,0.9532710280373832,95.32710280373831,0.02897439828299862,2.897439828299862,2.7794117647058822,277.94117647058823,2.7794117647058822,-34.0,0.0,0.0,0.0,-87.0,0.0,0.0,0.0,0.0,2023,6,June,2023-06,2,Monday,Weekday,0.9182023631524946,0.03596906164065073,4.9283487807955755,76.88817408304374,False,False,False,False,False,False,False,False
2023-06-06,92.0,124.0,93.0,6508,187.0,92.0,187.0,-95.0,0.0,-95.0,0.75,75.0,0.028733866011063307,2.8733866011063305,2.032608695652174,203.26086956521738,2.032608695652174,-1.0,0.0,0.0,0.0,-94.0,0.0,0.0,0.0,0.0,2023,6,June,2023-06,2,Tuesday,Weekday,0.9001006019000484,0.03234984527094651,3.8632397240282788,81.24836204254345,False,False,False,False,False,False,False,False
2023-06-07,113.0,162.0,107.0,6483,208.0,113.0,208.0,-95.0,0.0,-95.0,0.6604938271604939,66.0493827160494,0.032083911769242635,3.2083911769242635,1.8407079646017699,184.07079646017698,1.8407079646017699,6.0,6.0,0.05309734513274336,5.3097345132743365,-101.0,0.0,0.0,0.0,6.0,2023,6,June,2023-06,2,Wednesday,Weekday,0.825409243875357,0.03270635606767978,3.4049436492849776,81.6074752044995,False,False,False,False,False,False,False,False
2023-06-08,106.0,196.0,131.0,6446,255.0,106.0,255.0,-149.0,0.0,-149.0,0.6683673469387755,66.83673469387756,0.0395594166925225,3.9559416692522498,2.4056603773584904,240.56603773584902,2.4056603773584904,-25.0,0.0,0.0,0.0,-124.0,0.0,0.0,0.0,0.0,2023,6,June,2023-06,2,Thursday,Weekday,0.8090142177065419,0.03495151340143578,3.379378648248278,84.17296865114132,False,False,False,False,False,False,False,False
2023-06-11,86.0,152.0,168.0,6007,238.0,86.0,238.0,-152.0,0.0,-152.0,1.105263157894737,110.5263157894737,0.039620442816713834,3.9620442816713832,2.7674418604651163,276.74418604651163,2.7674418604651163,-82.0,0.0,0.0,0.0,-70.0,0.0,0.0,0.0,0.0,2023,6,June,2023-06,2,Sunday,Weekend,0.8204803831200758,0.03635806751592167,2.985253801247054,85.17472182231815,False,False,False,False,False,False,False,False
2023-06-12,84.0,118.0,136.0,6021,177.0,84.0,177.0,-93.0,0.0,-93.0,1.152542372881356,115.2542372881356,0.029397110114598904,2.9397110114598903,2.107142857142857,210.71428571428572,2.107142857142857,-52.0,0.0,0.0,0.0,-41.0,0.0,0.0,0.0,0.0,2023,6,June,2023-06,2,Monday,Weekday,0.8666623945769941,0.03470218480939744,2.5541313522674622,84.36631079239528,False,False,False,False,False,False,False,False
2023-06-13,59.0,64.0,117.0,6061,146.0,59.0,146.0,-87.0,0.0,-87.0,1.828125,182.8125,0.024088434251773636,2.4088434251773636,2.4745762711864407,247.45762711864407,2.4745762711864407,-58.0,0.0,0.0,0.0,-29.0,0.0,0.0,0.0,0.0,2023,6,June,2023-06,2,Tuesday,Weekday,1.0168661047018208,0.03177965427698763,2.343935684444676,84.49418172125449,False,False,False,False,False,False,False,False
2023-06-14,62.0,97.0,52.0,6065,167.0,62.0,167.0,-105.0,0.0,-105.0,0.5360824742268041,53.608247422680414,0.027535037098103874,2.7535037098103876,2.693548387096774,269.3548387096774,2.693548387096774,10.0,10.0,0.16129032258064516,16.129032258064516,-115.0,0.0,0.0,0.0,10.0,2023,6,June,2023-06,2,Wednesday,Weekday,0.957267739871738,0.0315740312505741,2.331669487643375,84.09620541135018,False,False,False,False,False,False,False,False
2023-06-15,91.0,75.0,97.0,6038,272.0,91.0,272.0,-181.0,0.0,-181.0,1.2933333333333332,129.33333333333331,0.045048029148724744,4.504802914872474,2.989010989010989,298.9010989010989,2.989010989010989,-6.0,0.0,0.0,0.0,-175.0,0.0,0.0,0.0,0.0,2023,6,June,2023-06,2,Thursday,Weekday,1.0348867874907857,0.03390462598452574,2.468298386694634,81.62799869322991,False,False,False,False,False,False,False,False
2023-06-19,29.0,51.0,11.0,5679,142.0,29.0,142.0,-113.0,0.0,-113.0,0.21568627450980393,21.568627450980394,0.02500440218348301,2.500440218348301,4.896551724137931,489.6551724137931,4.896551724137931,18.0,18.0,0.6206896551724138,62.06896551724138,-131.0,0.0,0.0,0.0,18.0,2023,6,June,2023-06,2,Monday,Weekday,0.9713428513978298,0.032893267472274355,2.9048474951997996,79.75835002986653,True,False,True,False,False,False,False,False
2023-06-20,33.0,53.0,34.0,5904,134.0,33.0,134.0,-101.0,0.0,-101.0,0.6415094339622641,64.15094339622641,0.022696476964769646,2.2696476964769645,4.0606060606060606,406.06060606060606,4.0606060606060606,-1.0,0.0,0.0,0.0,-100.0,0.0,0.0,0.0,0.0,2023,6,June,2023-06,2,Tuesday,Weekday,0.9675060066868998,0.03048427608259538,3.14126830709231,78.12696498415538,False,False,False,False,False,False,False,False
2023-06-21,93.0,196.0,169.0,5922,149.0,93.0,149.0,-56.0,0.0,-56.0,0.8622448979591837,86.22448979591837,0.025160418777440054,2.5160418777440055,1.6021505376344085,160.21505376344086,1.6021505376344085,-76.0,0.0,0.0,0.0,20.0,20.0,0.11834319526627218,11.834319526627219,20.0,2023,6,June,2023-06,2,Wednesday,Weekday,0.9327891124103921,0.028418558362699124,2.9747981181164946,78.76883805580636,False,False,False,False,False,False,False,False
2023-06-22,124.0,234.0,161.0,5956,207.0,124.0,207.0,-83.0,0.0,-83.0,0.688034188034188,68.80341880341881,0.03475486903962391,3.475486903962391,1.6693548387096775,166.93548387096774,1.6693548387096775,-37.0,0.0,0.0,0.0,-46.0,0.0,0.0,0.0,0.0,2023,6,June,2023-06,2,Thursday,Weekday,0.8664308002893681,0.02918395249484555,2.91225697262604,78.41667837353108,False,False,False,False,False,False,False,False
2023-06-25,92.0,203.0,173.0,5766,263.0,92.0,263.0,-171.0,0.0,-171.0,0.8522167487684729,85.22167487684729,0.0456122095039889,4.56122095039889,2.858695652173913,285.8695652173913,2.858695652173913,-81.0,0.0,0.0,0.0,-90.0,0.0,0.0,0.0,0.0,2023,6,June,2023-06,2,Sunday,Weekend,0.7270153358277215,0.03225877753087631,2.967131169909965,76.87682247372706,False,False,False,False,False,False,False,False
2023-06-26,186.0,259.0,172.0,5819,174.0,186.0,174.0,12.0,12.0,0.0,0.6640926640926641,66.40926640926641,0.02990204502491837,2.9902045024918373,0.9354838709677419,93.54838709677419,0.9354838709677419,14.0,14.0,0.07526881720430108,7.526881720430108,-2.0,0.0,0.0,0.0,14.0,2023,6,June,2023-06,2,Monday,Weekday,0.7453025058085585,0.032596921520421235,2.7159790961772456,77.33958920601272,False,False,False,False,False,False,False,False
2023-06-27,154.0,225.0,220.0,5917,155.0,154.0,155.0,-1.0,0.0,-1.0,0.9777777777777777,97.77777777777777,0.026195707284096672,2.619570728409667,1.0064935064935066,100.64935064935065,1.0064935064935066,-66.0,0.0,0.0,0.0,65.0,65.0,0.29545454545454547,29.545454545454547,65.0,2023,6,June,2023-06,2,Tuesday,Weekday,0.7002231407291936,0.029903732682617222,2.4327623129604623,78.92676636169988,False,False,False,False,False,False,False,False
2023-06-28,91.0,199.0,172.0,5999,174.0,91.0,174.0,-83.0,0.0,-83.0,0.864321608040201,86.4321608040201,0.02900483413902317,2.9004834139023172,1.9120879120879122,191.2087912087912,1.9120879120879122,-81.0,0.0,0.0,0.0,-2.0,0.0,0.0,0.0,0.0,2023,6,June,2023-06,2,Wednesday,Weekday,0.7928853312335359,0.030475222961980103,2.00641033981046,79.80126534059747,False,False,False,False,False,False,False,False
2023-06-29,81.0,213.0,153.0,6058,213.0,81.0,213.0,-132.0,0.0,-132.0,0.7183098591549296,71.83098591549296,0.035160118851105975,3.5160118851105975,2.6296296296296298,262.962962962963,2.6296296296296298,-72.0,0.0,0.0,0.0,-60.0,0.0,0.0,0.0,0.0,2023,6,June,2023-06,2,Thursday,Weekday,0.8038568205467739,0.032255743231456725,1.8019851353852556,82.1122384511374,False,False,False,False,False,False,False,False
2023-07-02,209.0,285.0,184.0,5903,309.0,209.0,309.0,-100.0,0.0,-100.0,0.6456140350877193,64.56140350877193,0.05234626461121464,5.234626461121464,1.4784688995215312,147.8468899521531,1.4784688995215312,25.0,25.0,0.11961722488038277,11.961722488038278,-125.0,0.0,0.0,0.0,25.0,2023,7,July,2023-07,3,Sunday,Weekend,0.772909554422279,0.036139435493424514,1.7843163299405589,79.14734694195899,False,False,False,False,False,False,False,False
2023-07-04,184.0,314.0,217.0,6127,124.0,184.0,124.0,60.0,60.0,0.0,0.6910828025477707,69.10828025477707,0.020238289538110004,2.0238289538110004,0.6739130434782609,67.3913043478261,0.6739130434782609,-33.0,0.0,0.0,0.0,93.0,93.0,0.42857142857142855,42.857142857142854,93.0,2023,7,July,2023-07,3,Tuesday,Weekday,0.7733450707813622,0.034065638421779676,1.6421103591932138,75.10787821287194,False,False,False,False,False,False,False,False
2023-07-05,107.0,215.0,230.0,6193,167.0,107.0,167.0,-60.0,0.0,-60.0,1.069767441860465,106.9767441860465,0.02696592927498789,2.6965929274987888,1.560747663551402,156.07476635514018,1.560747663551402,-123.0,0.0,0.0,0.0,63.0,63.0,0.27391304347826084,27.391304347826086,63.0,2023,7,July,2023-07,3,Wednesday,Weekday,0.8044237412230755,0.03140188410335096,1.4566892179614264,75.36452157540442,False,False,False,False,False,False,False,False
2023-07-06,101.0,162.0,178.0,6239,205.0,101.0,205.0,-104.0,0.0,-104.0,1.0987654320987654,109.87654320987654,0.03285782978041353,3.285782978041353,2.0297029702970297,202.97029702970298,2.0297029702970297,-77.0,0.0,0.0,0.0,-27.0,0.0,0.0,0.0,0.0,2023,7,July,2023-07,3,Thursday,Weekday,0.8665198509382327,0.0318241390684217,1.6130062321513248,75.63178702176734,False,False,False,False,False,False,False,False
2023-07-09,99.0,190.0,176.0,6214,196.0,99.0,196.0,-97.0,0.0,-97.0,0.9263157894736842,92.63157894736842,0.03154168007724493,3.154168007724493,1.97979797979798,197.97979797979798,1.97979797979798,-77.0,0.0,0.0,0.0,-20.0,0.0,0.0,0.0,0.0,2023,7,July,2023-07,3,Sunday,Weekend,0.8591681383233621,0.03258784946744288,1.752049728337678,76.59219223121528,False,False,False,False,False,False,False,False
2023-07-10,167.0,239.0,166.0,6346,163.0,167.0,163.0,4.0,4.0,0.0,0.694560669456067,69.4560669456067,0.025685471162937283,2.568547116293728,0.9760479041916168,97.60479041916167,0.9760479041916168,1.0,1.0,0.005988023952095809,0.5988023952095809,3.0,3.0,0.018072289156626505,1.8072289156626504,4.0,2023,7,July,2023-07,3,Monday,Weekday,0.8349165756684859,0.03211365475657347,1.6183297272096357,75.83400266211812,False,False,False,False,False,False,False,False
2023-07-11,115.0,216.0,169.0,6498,143.0,115.0,143.0,-28.0,0.0,-28.0,0.7824074074074074,78.24074074074075,0.02200677131425054,2.200677131425054,1.2434782608695651,124.34782608695652,1.2434782608695651,-54.0,0.0,0.0,0.0,26.0,26.0,0.15384615384615385,15.384615384615385,26.0,2023,7,July,2023-07,3,Tuesday,Weekday,0.8440733682759827,0.030234605108451256,1.4203081031010552,73.72686435184669,False,False,False,False,False,False,False,False
2023-07-12,84.0,158.0,193.0,6521,210.0,84.0,210.0,-126.0,0.0,-126.0,1.2215189873417722,122.15189873417722,0.032203649746971326,3.220364974697133,2.5,250.0,2.5,-109.0,0.0,0.0,0.0,-17.0,0.0,0.0,0.0,0.0,2023,7,July,2023-07,3,Wednesday,Weekday,0.926345504312276,0.027357088699273644,1.5662411174551223,84.39579374847621,False,False,False,False,False,False,False,False
2023-07-13,130.0,227.0,192.0,6604,226.0,130.0,226.0,-96.0,0.0,-96.0,0.8458149779735683,84.58149779735683,0.03422168382798304,3.422168382798304,1.7384615384615385,173.84615384615384,1.7384615384615385,-62.0,0.0,0.0,0.0,-34.0,0.0,0.0,0.0,0.0,2023,7,July,2023-07,3,Thursday,Weekday,0.9484501008016757,0.02935471645496979,1.7183194738813046,86.68326090365863,False,False,False,False,False,False,False,False
2023-07-16,88.0,214.0,160.0,6468,218.0,88.0,218.0,-130.0,0.0,-130.0,0.7476635514018691,74.76635514018692,0.03370439084724799,3.370439084724799,2.477272727272727,247.72727272727272,2.477272727272727,-72.0,0.0,0.0,0.0,-58.0,0.0,0.0,0.0,0.0,2023,7,July,2023-07,3,Sunday,Weekend,0.9024352593075905,0.03031735382243552,1.8492516258414942,86.74588895348637,False,False,False,False,False,False,False,False
2023-07-17,113.0,208.0,159.0,6632,160.0,113.0,160.0,-47.0,0.0,-47.0,0.7644230769230769,76.4423076923077,0.024125452352231604,2.4125452352231602,1.415929203539823,141.5929203539823,1.415929203539823,-46.0,0.0,0.0,0.0,-1.0,0.0,0.0,0.0,0.0,2023,7,July,2023-07,3,Monday,Weekday,0.8546720657110637,0.02906987133269524,1.7615696591618928,85.33516979131025,False,False,False,False,False,False,False,False
2023-07-18,174.0,285.0,150.0,6874,181.0,174.0,181.0,-7.0,0.0,-7.0,0.5263157894736842,52.63157894736842,0.026331102705848125,2.6331102705848126,1.0402298850574712,104.02298850574712,1.0402298850574712,24.0,24.0,0.13793103448275862,13.793103448275861,-31.0,0.0,0.0,0.0,24.0,2023,7,July,2023-07,3,Tuesday,Weekday,0.7975292085682064,0.028325503136781414,1.6273456456275344,85.1140075464861,False,False,False,False,False,False,False,False
2023-07-19,104.0,230.0,206.0,7001,226.0,104.0,226.0,-122.0,0.0,-122.0,0.8956521739130435,89.56521739130436,0.03228110269961434,3.2281102699614337,2.173076923076923,217.3076923076923,2.173076923076923,-102.0,0.0,0.0,0.0,-20.0,0.0,0.0,0.0,0.0,2023,7,July,2023-07,3,Wednesday,Weekday,0.8262565663477746,0.029267736213449563,1.7983497911825783,85.42090442075789,False,False,False,False,False,False,False,False
2023-07-20,147.0,276.0,214.0,7116,281.0,147.0,281.0,-134.0,0.0,-134.0,0.7753623188405797,77.53623188405797,0.0394884766722878,3.9488476672287804,1.91156462585034,191.156462585034,1.91156462585034,-67.0,0.0,0.0,0.0,-67.0,0.0,0.0,0.0,0.0,2023,7,July,2023-07,3,Thursday,Weekday,0.825250125123942,0.031765122693169175,1.893790700465546,86.09966900782527,False,False,False,False,False,False,False,False
2023-07-23,108.0,220.0,213.0,7052,276.0,108.0,276.0,-168.0,0.0,-168.0,0.9681818181818181,96.81818181818181,0.039137833238797506,3.9137833238797506,2.5555555555555554,255.55555555555554,2.5555555555555554,-105.0,0.0,0.0,0.0,-63.0,0.0,0.0,0.0,0.0,2023,7,July,2023-07,3,Sunday,Weekend,0.7890591009582343,0.03275572033485863,1.901727208402054,84.85438774769528,False,False,False,False,False,False,False,False
2023-07-24,180.0,280.0,146.0,7220,187.0,180.0,187.0,-7.0,0.0,-7.0,0.5214285714285715,52.142857142857146,0.025900277008310248,2.590027700831025,1.038888888888889,103.8888888888889,1.038888888888889,34.0,34.0,0.18888888888888888,18.88888888888889,-41.0,0.0,0.0,0.0,34.0,2023,7,July,2023-07,3,Monday,Weekday,0.7427181857375204,0.031566947932048235,1.801788258463104,83.3073664790441,False,False,False,False,False,False,False,False
2023-07-25,134.0,294.0,186.0,7510,136.0,134.0,136.0,-2.0,0.0,-2.0,0.6326530612244898,63.26530612244898,0.018109187749667112,1.8109187749667113,1.0149253731343284,101.49253731343283,1.0149253731343284,-52.0,0.0,0.0,0.0,50.0,50.0,0.26881720430107525,26.881720430107524,50.0,2023,7,July,2023-07,3,Tuesday,Weekday,0.7262881157121804,0.029339061775250964,1.5928814935861897,78.62200540280537,False,False,False,False,False,False,False,False
2023-07-26,202.0,313.0,158.0,7647,215.0,202.0,215.0,-13.0,0.0,-13.0,0.5047923322683706,50.47923322683706,0.028115600889237608,2.811560088923761,1.0643564356435644,106.43564356435644,1.0643564356435644,44.0,44.0,0.21782178217821782,21.782178217821784,-57.0,0.0,0.0,0.0,44.0,2023,7,July,2023-07,3,Wednesday,Weekday,0.6891980093329367,0.02990908299482325,1.542656812458153,79.56869056572869,False,False,False,False,False,False,False,False
2023-07-27,110.0,272.0,193.0,7754,259.0,110.0,259.0,-149.0,0.0,-149.0,0.7095588235294118,70.95588235294117,0.03340211503740005,3.3402115037400053,2.3545454545454545,235.45454545454544,2.3545454545454545,-83.0,0.0,0.0,0.0,-66.0,0.0,0.0,0.0,0.0,2023,7,July,2023-07,3,Thursday,Weekday,0.7153755856266121,0.03091922761361638,1.730416179527865,80.27909766872942,False,False,False,False,False,False,False,False
2023-07-30,166.0,277.0,229.0,7671,305.0,166.0,305.0,-139.0,0.0,-139.0,0.8267148014440433,82.67148014440433,0.03976013557554426,3.976013557554426,1.8373493975903614,183.73493975903614,1.8373493975903614,-63.0,0.0,0.0,0.0,-76.0,0.0,0.0,0.0,0.0,2023,7,July,2023-07,3,Sunday,Weekend,0.7055273895596121,0.031987660881606365,1.682455104458356,79.37601139593528,False,False,False,False,False,False,False,False
2023-07-31,136.0,276.0,178.0,7800,220.0,136.0,220.0,-84.0,0.0,-84.0,0.644927536231884,64.4927536231884,0.028205128205128206,2.8205128205128207,1.6176470588235294,161.76470588235296,1.6176470588235294,-42.0,0.0,0.0,0.0,-42.0,0.0,0.0,0.0,0.0,2023,7,July,2023-07,3,Monday,Weekday,0.6868938491869413,0.030375753957726428,1.6404668805973832,79.80944772824233,False,False,False,False,False,False,False,False
2023-08-01,87.0,246.0,173.0,8103,168.0,87.0,168.0,-81.0,0.0,-81.0,0.7032520325203252,70.32520325203252,0.02073306182895224,2.073306182895224,1.9310344827586208,193.10344827586206,1.9310344827586208,-86.0,0.0,0.0,0.0,5.0,5.0,0.028901734104046242,2.8901734104046244,5.0,2023,8,August,2023-08,3,Tuesday,Weekday,0.6490467369495853,0.027746500899177105,1.5512495844835352,79.10894173348123,False,False,False,False,False,False,False,False
2023-08-02,84.0,171.0,157.0,8261,271.0,84.0,271.0,-187.0,0.0,-187.0,0.9181286549707602,91.81286549707602,0.03280474518823387,3.280474518823387,3.2261904761904763,322.61904761904765,3.2261904761904763,-73.0,0.0,0.0,0.0,-114.0,0.0,0.0,0.0,0.0,2023,8,August,2023-08,3,Wednesday,Weekday,0.7057181774556122,0.02873285349630905,1.8637212398123337,79.30051272936953,False,False,False,False,False,False,False,False
2023-08-03,167.0,209.0,157.0,8294,339.0,167.0,339.0,-172.0,0.0,-172.0,0.7511961722488039,75.11961722488039,0.04087292018326501,4.087292018326501,2.029940119760479,202.99401197604791,2.029940119760479,10.0,10.0,0.059880239520958084,5.9880239520958085,-182.0,0.0,0.0,0.0,10.0,2023,8,August,2023-08,3,Thursday,Weekday,0.7226529076019428,0.03198481527253732,2.008723346473212,81.94468848382054,False,False,False,False,False,False,False,False
2023-08-06,109.0,245.0,159.0,8298,322.0,109.0,322.0,-213.0,0.0,-213.0,0.6489795918367347,64.89795918367346,0.03880453121234032,3.8804531212340323,2.9541284403669725,295.41284403669727,2.9541284403669725,-50.0,0.0,0.0,0.0,-163.0,0.0,0.0,0.0,0.0,2023,8,August,2023-08,3,Sunday,Weekend,0.7432510875402805,0.03351180531869485,2.2786907757194137,82.26405813267608,False,False,False,False,False,False,False,False
2023-08-07,156.0,256.0,176.0,8493,202.0,156.0,202.0,-46.0,0.0,-46.0,0.6875,68.75,0.023784292947132933,2.3784292947132935,1.294871794871795,129.4871794871795,1.294871794871795,-20.0,0.0,0.0,0.0,-26.0,0.0,0.0,0.0,0.0,2023,8,August,2023-08,3,Monday,Weekday,0.7400998270360788,0.03213783073437098,2.127308824337462,79.8503576820731,False,False,False,False,False,False,False,False
2023-08-08,125.0,232.0,192.0,8725,207.0,125.0,207.0,-82.0,0.0,-82.0,0.8275862068965517,82.75862068965517,0.02372492836676218,2.372492836676218,1.656,165.6,1.656,-67.0,0.0,0.0,0.0,-15.0,0.0,0.0,0.0,0.0,2023,8,August,2023-08,3,Tuesday,Weekday,0.7402243135292943,0.02984708684740211,2.1014017675388392,79.15790048305,False,False,False,False,False,False,False,False
2023-08-09,118.0,139.0,168.0,8888,251.0,118.0,251.0,-133.0,0.0,-133.0,1.20863309352518,120.86330935251799,0.02824032403240324,2.824032403240324,2.1271186440677967,212.71186440677968,2.1271186440677967,-50.0,0.0,0.0,0.0,-83.0,0.0,0.0,0.0,0.0,2023,8,August,2023-08,3,Wednesday,Weekday,0.8207536788569081,0.029852114822727115,2.1741834225737344,79.16322874851129,False,False,False,False,False,False,False,False
2023-08-10,142.0,235.0,139.0,8914,353.0,142.0,353.0,-211.0,0.0,-211.0,0.5914893617021276,59.148936170212764,0.03960062822526363,3.960062822526363,2.4859154929577465,248.59154929577466,2.4859154929577465,3.0,3.0,0.02112676056338028,2.112676056338028,-214.0,0.0,0.0,0.0,3.0,2023,8,August,2023-08,3,Thursday,Weekday,0.8047875830257369,0.0325474814507716,2.2534521383164665,81.40928973551705,False,False,False,False,False,False,False,False
2023-08-16,148.0,245.0,175.0,9634,288.0,148.0,288.0,-140.0,0.0,-140.0,0.7142857142857143,71.42857142857143,0.029894124974050237,2.9894124974050236,1.945945945945946,194.5945945945946,1.945945945945946,-27.0,0.0,0.0,0.0,-113.0,0.0,0.0,0.0,0.0,2023,8,August,2023-08,3,Wednesday,Weekday,0.7756671629278732,0.03213167856303108,2.070560062567248,81.08204154014369,False,False,False,False,False,False,False,False
2023-08-17,119.0,219.0,210.0,9694,407.0,119.0,407.0,-288.0,0.0,-288.0,0.958904109589041,95.8904109589041,0.04198473282442748,4.198473282442748,3.4201680672268906,342.01680672268907,3.4201680672268906,-91.0,0.0,0.0,0.0,-197.0,0.0,0.0,0.0,0.0,2023,8,August,2023-08,3,Thursday,Weekday,0.8053397254050499,0.03229050894034001,2.2691640550624497,80.7022511841397,False,False,False,False,False,False,False,False
2023-08-20,105.0,210.0,149.0,9483,390.0,105.0,390.0,-285.0,0.0,-285.0,0.7095238095238096,70.95238095238095,0.041126225877886745,4.112622587788675,3.7142857142857144,371.42857142857144,3.7142857142857144,-44.0,0.0,0.0,0.0,-241.0,0.0,0.0,0.0,0.0,2023,8,August,2023-08,3,Sunday,Weekend,0.8139888993603464,0.03262217960684664,2.3777579513365557,80.130852358413,False,False,False,False,False,False,False,False
2023-08-21,143.0,203.0,163.0,9668,281.0,143.0,281.0,-138.0,0.0,-138.0,0.8029556650246306,80.29556650246306,0.029064956557716178,2.906495655771618,1.965034965034965,196.5034965034965,1.965034965034965,-20.0,0.0,0.0,0.0,-118.0,0.0,0.0,0.0,0.0,2023,8,August,2023-08,3,Monday,Weekday,0.8304825657924363,0.03337656012264424,2.473495547074151,81.97532394078182,False,False,False,False,False,False,False,False
2023-08-22,119.0,209.0,152.0,9921,230.0,119.0,230.0,-111.0,0.0,-111.0,0.7272727272727273,72.72727272727273,0.023183146860195545,2.3183146860195545,1.9327731092436975,193.27731092436974,1.9327731092436975,-33.0,0.0,0.0,0.0,-78.0,0.0,0.0,0.0,0.0,2023,8,August,2023-08,3,Tuesday,Weekday,0.8161520687033186,0.033299162764563295,2.5130345626803936,81.69850168064073,False,False,False,False,False,False,False,False
2023-08-23,155.0,212.0,181.0,10071,285.0,155.0,285.0,-130.0,0.0,-130.0,0.8537735849056604,85.37735849056604,0.02829907655644921,2.829907655644921,1.8387096774193548,183.8709677419355,1.8387096774193548,-26.0,0.0,0.0,0.0,-104.0,0.0,0.0,0.0,0.0,2023,8,August,2023-08,3,Wednesday,Weekday,0.7654578531862443,0.033307555982284145,2.4718332817306163,81.71552042707178,False,False,False,False,False,False,False,False
2023-08-24,109.0,214.0,173.0,10026,443.0,109.0,443.0,-334.0,0.0,-334.0,0.8084112149532711,80.8411214953271,0.044185118691402354,4.418511869140236,4.064220183486238,406.42201834862385,4.064220183486238,-64.0,0.0,0.0,0.0,-270.0,0.0,0.0,0.0,0.0,2023,8,August,2023-08,3,Thursday,Weekday,0.7964466893649791,0.03396248319173254,2.6973053803775437,80.44430841442009,False,False,False,False,False,False,False,False
2023-08-27,191.0,283.0,192.0,9873,488.0,191.0,488.0,-297.0,0.0,-297.0,0.6784452296819788,67.84452296819788,0.049427732198926363,4.942773219892636,2.554973821989529,255.4973821989529,2.554973821989529,-1.0,0.0,0.0,0.0,-296.0,0.0,0.0,0.0,0.0,2023,8,August,2023-08,3,Sunday,Weekend,0.7913266201358741,0.036752998509571984,2.7843093626694837,78.93637079507242,False,False,False,False,False,False,False,False
2023-08-28,170.0,297.0,196.0,10012,388.0,170.0,388.0,-218.0,0.0,-218.0,0.6599326599326599,65.993265993266,0.03875349580503396,3.8753495805033964,2.2823529411764705,228.23529411764704,2.2823529411764705,-26.0,0.0,0.0,0.0,-192.0,0.0,0.0,0.0,0.0,2023,8,August,2023-08,3,Monday,Weekday,0.7486164130421054,0.036291393221087195,2.6217643446622816,79.09187237003172,False,False,False,False,False,False,False,False
2023-08-29,152.0,272.0,214.0,10180,286.0,152.0,286.0,-134.0,0.0,-134.0,0.7867647058823529,78.67647058823529,0.028094302554027506,2.8094302554027504,1.881578947368421,188.1578947368421,1.881578947368421,-62.0,0.0,0.0,0.0,-72.0,0.0,0.0,0.0,0.0,2023,8,August,2023-08,3,Tuesday,Weekday,0.7596508268076116,0.03442968988910731,2.3599490922455253,77.90969720357855,False,False,False,False,False,False,False,False
2023-08-30,239.0,367.0,224.0,10280,366.0,239.0,366.0,-127.0,0.0,-127.0,0.6103542234332425,61.03542234332425,0.035603112840466924,3.5603112840466924,1.5313807531380754,153.13807531380755,1.5313807531380754,15.0,15.0,0.06276150627615062,6.2761506276150625,-142.0,0.0,0.0,0.0,15.0,2023,8,August,2023-08,3,Wednesday,Weekday,0.732136335151699,0.03536371221521455,2.2979984905459694,78.87446819328551,False,False,False,False,False,False,False,False
2023-08-31,113.0,280.0,237.0,10140,505.0,113.0,505.0,-392.0,0.0,-392.0,0.8464285714285714,84.64285714285714,0.04980276134122288,4.980276134122287,4.469026548672566,446.9026548672566,4.469026548672566,-124.0,0.0,0.0,0.0,-268.0,0.0,0.0,0.0,0.0,2023,8,August,2023-08,3,Thursday,Weekday,0.7491585986025339,0.039166514283932745,2.6603204104643794,81.1415434352101,False,False,False,False,False,False,False,False
2023-09-04,196.0,306.0,187.0,9988,293.0,196.0,293.0,-97.0,0.0,-97.0,0.6111111111111112,61.111111111111114,0.02933520224269123,2.933520224269123,1.4948979591836735,149.48979591836735,1.4948979591836735,9.0,9.0,0.04591836734693878,4.591836734693878,-106.0,0.0,0.0,0.0,9.0,2023,9,September,2023-09,3,Monday,Weekday,0.7144925309175983,0.039314532239110175,2.611204450716425,81.5358900418797,False,False,False,False,False,False,False,False
2023-09-05,236.0,330.0,222.0,10142,243.0,236.0,243.0,-7.0,0.0,-7.0,0.6727272727272727,67.27272727272727,0.023959771248274503,2.3959771248274504,1.0296610169491525,102.96610169491525,1.0296610169491525,14.0,14.0,0.059322033898305086,5.932203389830509,-21.0,0.0,0.0,0.0,14.0,2023,9,September,2023-09,3,Tuesday,Weekday,0.6951091105995986,0.0364251968900919,2.177695998353984,78.05597512433982,False,False,False,False,False,False,False,False
2023-09-06,81.0,230.0,242.0,10356,291.0,81.0,291.0,-210.0,0.0,-210.0,1.0521739130434782,105.21739130434781,0.02809965237543453,2.809965237543453,3.5925925925925926,359.25925925925924,3.5925925925925926,-161.0,0.0,0.0,0.0,-49.0,0.0,0.0,0.0,0.0,2023,9,September,2023-09,3,Wednesday,Weekday,0.7484989225083841,0.033378328343878785,2.325927251297279,79.13966070804382,False,False,False,False,False,False,False,False
2023-09-07,118.0,245.0,160.0,10419,398.0,118.0,398.0,-280.0,0.0,-280.0,0.6530612244897959,65.3061224489796,0.03819944332469527,3.819944332469527,3.3728813559322033,337.2881355932203,3.3728813559322033,-42.0,0.0,0.0,0.0,-238.0,0.0,0.0,0.0,0.0,2023,9,September,2023-09,3,Thursday,Weekday,0.7475172888736893,0.03329917798954469,2.481717024833812,79.20220445230534,False,False,False,False,False,False,False,False
2023-09-10,218.0,283.0,208.0,10282,382.0,218.0,382.0,-164.0,0.0,-164.0,0.734982332155477,73.4982332155477,0.03715230499902743,3.715230499902743,1.7522935779816513,175.22935779816513,1.7522935779816513,10.0,10.0,0.045871559633027525,4.587155963302752,-174.0,0.0,0.0,0.0,10.0,2023,9,September,2023-09,3,Sunday,Weekend,0.740119806912707,0.034593178338830397,2.463247686349988,80.2518164888017,False,False,False,False,False,False,False,False
2023-09-11,132.0,243.0,183.0,10492,277.0,132.0,277.0,-145.0,0.0,-145.0,0.7530864197530864,75.30864197530865,0.02640106747998475,2.640106747998475,2.0984848484848486,209.84848484848487,2.0984848484848486,-51.0,0.0,0.0,0.0,-94.0,0.0,0.0,0.0,0.0,2023,9,September,2023-09,3,Monday,Weekday,0.7605101206726849,0.03327860043019008,2.544262557113813,78.6647903258645,False,False,False,False,False,False,False,False
2023-09-12,224.0,315.0,152.0,10649,316.0,224.0,316.0,-92.0,0.0,-92.0,0.48253968253968255,48.25396825396825,0.02967414780730585,2.967414780730585,1.4107142857142858,141.07142857142858,1.4107142857142858,72.0,72.0,0.32142857142857145,32.142857142857146,-164.0,0.0,0.0,0.0,72.0,2023,9,September,2023-09,3,Tuesday,Weekday,0.7085259936885577,0.03040308421105908,2.10736080526263,85.06927864182701,True,False,True,False,True,False,True,False
2023-09-13,167.0,326.0,213.0,10678,343.0,167.0,343.0,-176.0,0.0,-176.0,0.6533742331288344,65.33742331288343,0.03212212024723731,3.212212024723731,2.053892215568862,205.3892215568862,2.053892215568862,-46.0,0.0,0.0,0.0,-130.0,0.0,0.0,0.0,0.0,2023,9,September,2023-09,3,Wednesday,Weekday,0.7145635825482325,0.030801215354565665,2.187217127603371,85.20783393123155,False,False,False,False,False,False,False,False
2023-09-14,209.0,353.0,232.0,10837,414.0,209.0,414.0,-205.0,0.0,-205.0,0.6572237960339944,65.72237960339945,0.038202454553843315,3.8202454553843315,1.9808612440191387,198.08612440191388,1.9808612440191387,-23.0,0.0,0.0,0.0,-182.0,0.0,0.0,0.0,0.0,2023,9,September,2023-09,3,Thursday,Weekday,0.7123488001634783,0.03283588439821835,2.3231028743276547,86.76425459190447,False,False,False,False,False,False,False,False
2023-09-17,153.0,253.0,286.0,10799,427.0,153.0,427.0,-274.0,0.0,-274.0,1.1304347826086956,113.04347826086956,0.03954069821279748,3.954069821279748,2.7908496732026142,279.0849673202614,2.7908496732026142,-133.0,0.0,0.0,0.0,-141.0,0.0,0.0,0.0,0.0,2023,9,September,2023-09,3,Sunday,Weekend,0.7235289243870808,0.03447031951784163,2.208568171557658,87.1726561371943,False,False,False,False,False,False,False,False
2023-09-18,180.0,337.0,219.0,10892,313.0,180.0,313.0,-133.0,0.0,-133.0,0.6498516320474778,64.98516320474778,0.028736687477047374,2.8736687477047376,1.738888888888889,173.88888888888889,1.738888888888889,-39.0,0.0,0.0,0.0,-94.0,0.0,0.0,0.0,0.0,2023,9,September,2023-09,3,Monday,Weekday,0.7230704111810355,0.03311849725389193,1.9751406762657557,86.49106479902629,False,False,False,False,False,False,False,False
2023-09-19,133.0,287.0,189.0,11095,260.0,133.0,260.0,-127.0,0.0,-127.0,0.6585365853658537,65.85365853658537,0.023433979269941414,2.3433979269941414,1.9548872180451127,195.48872180451127,1.9548872180451127,-56.0,0.0,0.0,0.0,-71.0,0.0,0.0,0.0,0.0,2023,9,September,2023-09,3,Tuesday,Weekday,0.7121495902110893,0.031158736435451067,2.00408262484625,84.00534947555305,False,False,False,False,False,False,False,False
2023-09-20,187.0,310.0,247.0,11064,364.0,187.0,364.0,-177.0,0.0,-177.0,0.7967741935483871,79.6774193548387,0.03289949385394071,3.2899493853940713,1.946524064171123,194.6524064171123,1.946524064171123,-60.0,0.0,0.0,0.0,-117.0,0.0,0.0,0.0,0.0,2023,9,September,2023-09,3,Wednesday,Weekday,0.718390700753275,0.032087083060301926,1.982373941372861,85.22931204606358,False,False,False,False,False,False,False,False
2023-09-21,168.0,285.0,210.0,11067,428.0,168.0,428.0,-260.0,0.0,-260.0,0.7368421052631579,73.68421052631578,0.03867353392970091,3.8673533929700907,2.5476190476190474,254.76190476190476,2.5476190476190474,-42.0,0.0,0.0,0.0,-218.0,0.0,0.0,0.0,0.0,2023,9,September,2023-09,3,Thursday,Weekday,0.7547196182852002,0.0333727096492155,2.1447889073592554,84.8956362220105,False,False,False,False,False,False,False,False
2023-09-24,269.0,412.0,204.0,10744,403.0,269.0,403.0,-134.0,0.0,-134.0,0.49514563106796117,49.51456310679612,0.03750930752047654,3.7509307520476542,1.4981412639405205,149.81412639405204,1.4981412639405205,65.0,65.0,0.241635687732342,24.1635687732342,-199.0,0.0,0.0,0.0,65.0,2023,9,September,2023-09,3,Sunday,Weekend,0.7321155322765039,0.03414230783110682,2.065395914269492,84.85134062881325,True,False,True,False,True,False,True,False
2023-09-25,100.0,255.0,236.0,10842,284.0,100.0,284.0,-184.0,0.0,-184.0,0.9254901960784314,92.54901960784314,0.026194429072126914,2.6194429072126915,2.84,284.0,2.84,-136.0,0.0,0.0,0.0,-48.0,0.0,0.0,0.0,0.0,2023,9,September,2023-09,3,Monday,Weekday,0.7704393037114236,0.03242687561943305,2.188130022266758,83.42581221090069,False,False,False,False,False,False,False,False
2023-09-26,205.0,294.0,177.0,10978,332.0,205.0,332.0,-127.0,0.0,-127.0,0.6020408163265306,60.204081632653065,0.03024230278739297,3.0242302787392967,1.6195121951219513,161.95121951219514,1.6195121951219513,28.0,28.0,0.13658536585365855,13.658536585365855,-155.0,0.0,0.0,0.0,28.0,2023,9,September,2023-09,3,Tuesday,Weekday,0.6949544513854,0.031098533415803837,2.0207960968266634,84.64923837579151,False,False,False,False,False,False,False,False
2023-09-27,161.0,304.0,211.0,11017,331.0,161.0,331.0,-170.0,0.0,-170.0,0.694078947368421,69.4078947368421,0.030044476717799765,3.0044476717799764,2.0559006211180124,205.59006211180125,2.0559006211180124,-50.0,0.0,0.0,0.0,-120.0,0.0,0.0,0.0,0.0,2023,9,September,2023-09,3,Wednesday,Weekday,0.7012726392883918,0.03128536045019703,2.0660834871451095,84.88796252296379,False,False,False,False,False,False,False,False
2023-09-28,57.0,162.0,193.0,10984,447.0,57.0,447.0,-390.0,0.0,-390.0,1.191358024691358,119.1358024691358,0.040695557174071376,4.0695557174071375,7.842105263157895,784.2105263157895,7.842105263157895,-136.0,0.0,0.0,0.0,-254.0,0.0,0.0,0.0,0.0,2023,9,September,2023-09,3,Thursday,Weekday,0.7773899877634639,0.03375130015078703,2.9071146364469356,86.36156391583239,False,False,False,False,False,False,False,False
2023-10-01,80.0,122.0,152.0,10598,493.0,80.0,493.0,-413.0,0.0,-413.0,1.2459016393442623,124.59016393442623,0.046518210983204376,4.651821098320438,6.1625,616.25,6.1625,-72.0,0.0,0.0,0.0,-341.0,0.0,0.0,0.0,0.0,2023,10,October,2023-10,4,Sunday,Weekend,0.841551051448589,0.03569683116925326,3.509396912993918,83.32405724168562,False,False,False,False,False,False,False,False
2023-10-02,107.0,170.0,133.0,10724,284.0,107.0,284.0,-177.0,0.0,-177.0,0.7823529411764706,78.23529411764706,0.02648265572547557,2.648265572547557,2.6542056074766354,265.42056074766356,2.6542056074766354,-26.0,0.0,0.0,0.0,-151.0,0.0,0.0,0.0,0.0,2023,10,October,2023-10,4,Monday,Weekday,0.848052599436205,0.03395527714007822,3.524623564402145,81.40324441606347,False,False,False,False,False,False,False,False
2023-10-03,99.0,156.0,139.0,10818,287.0,99.0,287.0,-188.0,0.0,-188.0,0.8910256410256411,89.1025641025641,0.026529857644666296,2.6529857644666297,2.898989898989899,289.8989898989899,2.898989898989899,-40.0,0.0,0.0,0.0,-148.0,0.0,0.0,0.0,0.0,2023,10,October,2023-10,4,Tuesday,Weekday,0.9046068865730164,0.03238678430067675,3.7247447979806276,80.1435380354256,False,False,False,False,False,False,False,False
2023-10-04,25.0,66.0,94.0,10963,330.0,25.0,330.0,-305.0,0.0,-305.0,1.4242424242424243,142.42424242424244,0.030101249657940345,3.0101249657940343,13.2,1320.0,13.2,-69.0,0.0,0.0,0.0,-236.0,0.0,0.0,0.0,0.0,2023,10,October,2023-10,4,Wednesday,Weekday,0.9758572048821582,0.03294490152722153,5.204744797980628,81.15769389339846,False,False,False,False,False,False,False,False
2023-10-05,35.0,70.0,53.0,11130,427.0,35.0,427.0,-392.0,0.0,-392.0,0.7571428571428571,75.71428571428571,0.038364779874213835,3.8364779874213837,12.2,1220.0,12.2,-18.0,0.0,0.0,0.0,-374.0,0.0,0.0,0.0,0.0,2023,10,October,2023-10,4,Thursday,Weekday,0.9980146392844906,0.03410525539676736,6.716243055820349,81.41505147770617,False,False,False,False,False,False,False,False
2023-10-09,43.0,73.0,64.0,10815,282.0,43.0,282.0,-239.0,0.0,-239.0,0.8767123287671232,87.67123287671232,0.0260748959778086,2.6074895977808596,6.558139534883721,655.8139534883721,6.558139534883721,-21.0,0.0,0.0,0.0,-218.0,0.0,0.0,0.0,0.0,2023,10,October,2023-10,4,Monday,Weekday,1.0241051223414481,0.03353817243391149,7.3594200435011645,80.2374055684849,False,False,False,False,False,False,False,False
2023-10-10,41.0,60.0,71.0,10910,257.0,41.0,257.0,-216.0,0.0,-216.0,1.1833333333333333,118.33333333333333,0.023556370302474795,2.3556370302474794,6.2682926829268295,626.829268292683,6.2682926829268295,-30.0,0.0,0.0,0.0,-186.0,0.0,0.0,0.0,0.0,2023,10,October,2023-10,4,Tuesday,Weekday,1.0229587378617302,0.031089717166540548,7.134589674896726,78.87793999446203,False,False,False,False,False,False,False,False
2023-10-11,65.0,83.0,65.0,10960,266.0,65.0,266.0,-201.0,0.0,-201.0,0.7831325301204819,78.3132530120482,0.02427007299270073,2.4270072992700733,4.092307692307692,409.23076923076917,4.092307692307692,0.0,0.0,0.0,0.0,-201.0,0.0,0.0,0.0,0.0,2023,10,October,2023-10,4,Wednesday,Weekday,0.956848865115476,0.02791141173932574,6.838847916654968,84.65357235971459,False,False,False,False,False,False,False,False
2023-10-12,38.0,80.0,82.0,10992,398.0,38.0,398.0,-360.0,0.0,-360.0,1.025,102.49999999999999,0.03620815138282387,3.620815138282387,10.473684210526315,1047.3684210526314,10.473684210526315,-44.0,0.0,0.0,0.0,-316.0,0.0,0.0,0.0,0.0,2023,10,October,2023-10,4,Thursday,Weekday,0.9915127306616943,0.029300768261804062,7.955916288519207,83.30469775213155,False,False,False,False,False,False,False,False
2023-10-15,56.0,82.0,68.0,10571,434.0,56.0,434.0,-378.0,0.0,-378.0,0.8292682926829268,82.92682926829268,0.04105571847507331,4.105571847507331,7.75,775.0,7.75,-12.0,0.0,0.0,0.0,-366.0,0.0,0.0,0.0,0.0,2023,10,October,2023-10,4,Sunday,Weekend,0.982690252327021,0.031375891237576496,8.648917731520651,81.42819439826297,False,False,False,False,False,False,False,False
2023-10-16,74.0,103.0,80.0,10629,331.0,74.0,331.0,-257.0,0.0,-257.0,0.7766990291262136,77.66990291262135,0.031141217424028603,3.1141217424028604,4.472972972972973,447.2972972972973,4.472972972972973,-6.0,0.0,0.0,0.0,-251.0,0.0,0.0,0.0,0.0,2023,10,October,2023-10,4,Monday,Weekday,0.890184053024705,0.03152445806130339,7.402199584802504,81.54191158915056,False,False,False,False,False,False,False,False
2023-10-17,68.0,107.0,102.0,10630,315.0,68.0,315.0,-247.0,0.0,-247.0,0.9532710280373832,95.32710280373831,0.029633113828786452,2.9633113828786453,4.632352941176471,463.2352941176471,4.632352941176471,-34.0,0.0,0.0,0.0,-213.0,0.0,0.0,0.0,0.0,2023,10,October,2023-10,4,Tuesday,Weekday,0.9182023631524946,0.030277077197670914,6.321107147827715,82.38556202296992,False,False,False,False,False,False,False,False
2023-10-18,92.0,124.0,93.0,10511,393.0,92.0,393.0,-301.0,0.0,-301.0,0.75,75.0,0.037389401579297876,3.738940157929788,4.271739130434782,427.17391304347825,4.271739130434782,-1.0,0.0,0.0,0.0,-300.0,0.0,0.0,0.0,0.0,2023,10,October,2023-10,4,Wednesday,Weekday,0.9001006019000484,0.03189343514074081,5.994478518620723,82.72706182198837,False,False,False,False,False,False,False,False
2023-10-19,113.0,162.0,107.0,10319,406.0,113.0,406.0,-293.0,0.0,-293.0,0.6604938271604939,66.0493827160494,0.03934489776141099,3.9344897761410986,3.5929203539823007,359.29203539823004,3.5929203539823007,6.0,6.0,0.05309734513274336,5.3097345132743365,-299.0,0.0,0.0,0.0,6.0,2023,10,October,2023-10,4,Thursday,Weekday,0.825409243875357,0.034148939063445974,5.612282471628647,85.04171973149563,False,False,False,False,False,False,False,False
2023-10-22,106.0,196.0,131.0,9506,454.0,106.0,454.0,-348.0,0.0,-348.0,0.6683673469387755,66.83673469387756,0.047759309909530825,4.775930990953083,4.283018867924528,428.3018867924528,4.283018867924528,-25.0,0.0,0.0,0.0,-323.0,0.0,0.0,0.0,0.0,2023,10,October,2023-10,4,Sunday,Weekend,0.8090142177065419,0.037504544337278845,5.639526925288195,85.95573499908306,False,False,False,False,False,False,False,False
2023-10-23,86.0,152.0,168.0,9436,327.0,86.0,327.0,-241.0,0.0,-241.0,1.105263157894737,110.5263157894737,0.03465451462484104,3.4654514624841037,3.802325581395349,380.2325581395349,3.802325581395349,-82.0,0.0,0.0,0.0,-159.0,0.0,0.0,0.0,0.0,2023,10,October,2023-10,4,Monday,Weekday,0.8204803831200758,0.03728259622899559,4.6864756925552005,85.7212897696672,False,False,False,False,False,False,False,False
2023-10-24,84.0,118.0,136.0,9396,300.0,84.0,300.0,-216.0,0.0,-216.0,1.152542372881356,115.2542372881356,0.031928480204342274,3.1928480204342273,3.5714285714285716,357.14285714285717,3.5714285714285716,-52.0,0.0,0.0,0.0,-164.0,0.0,0.0,0.0,0.0,2023,10,October,2023-10,4,Tuesday,Weekday,0.8666623945769941,0.03597870504746258,4.089536917044996,85.21163038016088,False,False,False,False,False,False,False,False
2023-10-25,59.0,64.0,117.0,9351,293.0,59.0,293.0,-234.0,0.0,-234.0,1.828125,182.8125,0.03133354721420169,3.1333547214201687,4.966101694915254,496.6101694915254,4.966101694915254,-58.0,0.0,0.0,0.0,-176.0,0.0,0.0,0.0,0.0,2023,10,October,2023-10,4,Wednesday,Weekday,1.0168661047018208,0.03600618073177302,4.159983877322466,85.27061089213376,False,False,False,False,False,False,False,False
2023-10-26,62.0,97.0,52.0,9235,390.0,62.0,390.0,-328.0,0.0,-328.0,0.5360824742268041,53.608247422680414,0.04223064428803465,4.223064428803465,6.290322580645161,629.0322580645161,6.290322580645161,10.0,10.0,0.16129032258064516,16.129032258064516,-338.0,0.0,0.0,0.0,10.0,2023,10,October,2023-10,4,Thursday,Weekday,0.957267739871738,0.03780582794023705,4.39683668296085,86.53714272598792,False,False,False,False,False,False,False,False
2023-10-29,91.0,75.0,97.0,8925,418.0,91.0,418.0,-327.0,0.0,-327.0,1.2933333333333332,129.33333333333331,0.046834733893557426,4.6834733893557425,4.593406593406593,459.34065934065933,4.593406593406593,-6.0,0.0,0.0,0.0,-321.0,0.0,0.0,0.0,0.0,2023,10,October,2023-10,4,Sunday,Weekend,1.0348867874907857,0.039155161127988405,4.442789177671108,85.23209006733713,False,False,False,False,False,False,False,False
2023-10-30,29.0,51.0,11.0,9026,278.0,29.0,278.0,-249.0,0.0,-249.0,0.21568627450980393,21.568627450980394,0.030799911367161533,3.079991136716153,9.586206896551724,958.6206896551724,9.586206896551724,18.0,18.0,0.6206896551724138,62.06896551724138,-267.0,0.0,0.0,0.0,18.0,2023,10,October,2023-10,4,Monday,Weekday,0.9713428513978298,0.03793444878595277,5.29897296946674,83.53354901977355,True,False,True,False,False,False,False,False
2023-10-31,33.0,53.0,34.0,9072,295.0,33.0,295.0,-262.0,0.0,-262.0,0.6415094339622641,64.15094339622641,0.03251763668430335,3.2517636684303355,8.93939393939394,893.939393939394,8.93939393939394,-1.0,0.0,0.0,0.0,-261.0,0.0,0.0,0.0,0.0,2023,10,October,2023-10,4,Tuesday,Weekday,0.9675060066868998,0.03575706689663456,5.964169408248084,85.10116193856761,False,False,False,False,False,False,False,False
2023-11-01,132.0,235.0,197.0,9250,279.0,132.0,279.0,-147.0,0.0,-147.0,0.8382978723404255,83.82978723404256,0.03016216216216216,3.016216216216216,2.1136363636363638,211.36363636363637,2.1136363636363638,-65.0,0.0,0.0,0.0,-82.0,0.0,0.0,0.0,0.0,2023,11,November,2023-11,4,Wednesday,Weekday,0.9293681087505695,0.03511530225910901,5.722928091425373,84.15366293913584,False,False,False,False,False,False,False,False
2023-11-02,174.0,208.0,256.0,9442,330.0,174.0,330.0,-156.0,0.0,-156.0,1.2307692307692308,123.07692307692308,0.03495022241050625,3.495022241050625,1.896551724137931,189.6551724137931,1.896551724137931,-82.0,0.0,0.0,0.0,-74.0,0.0,0.0,0.0,0.0,2023,11,November,2023-11,4,Thursday,Weekday,0.9405433741631232,0.035546979717132436,5.483659970383853,84.60830356848692,False,False,False,False,False,False,False,False
2023-11-05,123.0,230.0,167.0,9273,370.0,123.0,370.0,-247.0,0.0,-247.0,0.7260869565217392,72.60869565217392,0.039900787231748086,3.9900787231748085,3.008130081300813,300.8130081300813,3.008130081300813,-44.0,0.0,0.0,0.0,-203.0,0.0,0.0,0.0,0.0,2023,11,November,2023-11,4,Sunday,Weekend,0.7831093679519431,0.03677087114821049,5.203949739867504,85.28215701277206,False,False,False,False,False,False,False,False
2023-11-06,123.0,233.0,159.0,9286,316.0,123.0,316.0,-193.0,0.0,-193.0,0.6824034334763949,68.24034334763948,0.034029722162395006,3.4029722162395006,2.569105691056911,256.9105691056911,2.569105691056911,-36.0,0.0,0.0,0.0,-157.0,0.0,0.0,0.0,0.0,2023,11,November,2023-11,4,Monday,Weekday,0.8040123621304559,0.03559931084454769,4.672347327069183,85.757940459429,False,False,False,False,False,False,False,False
2023-11-07,141.0,232.0,188.0,9483,231.0,141.0,231.0,-90.0,0.0,-90.0,0.8103448275862069,81.03448275862068,0.024359379943055995,2.4359379943055997,1.6382978723404256,163.82978723404256,1.6382978723404256,-47.0,0.0,0.0,0.0,-43.0,0.0,0.0,0.0,0.0,2023,11,November,2023-11,4,Tuesday,Weekday,0.7350140041665807,0.032388545994476055,4.2501889383454445,87.11665237722282,False,False,False,False,False,False,False,False
2023-11-08,158.0,226.0,191.0,9634,310.0,158.0,310.0,-152.0,0.0,-152.0,0.8451327433628318,84.51327433628319,0.03217770396512352,3.2177703965123516,1.9620253164556962,196.20253164556962,1.9620253164556962,-33.0,0.0,0.0,0.0,-119.0,0.0,0.0,0.0,0.0,2023,11,November,2023-11,4,Wednesday,Weekday,0.8249349282884418,0.03258537350847062,3.1610201411888683,87.29683345582787,False,False,False,False,False,False,False,False
2023-11-12,96.0,160.0,233.0,9477,313.0,96.0,313.0,-217.0,0.0,-217.0,1.45625,145.625,0.03302732932362562,3.302732932362562,3.2604166666666665,326.04166666666663,3.2604166666666665,-137.0,0.0,0.0,0.0,-80.0,0.0,0.0,0.0,0.0,2023,11,November,2023-11,4,Sunday,Weekend,0.9413264377224042,0.032658186742659516,2.3497376736564006,87.31526360903703,False,False,False,False,False,False,False,False
2023-11-13,141.0,173.0,129.0,9510,287.0,141.0,287.0,-146.0,0.0,-146.0,0.7456647398843931,74.56647398843931,0.030178759200841218,3.017875920084122,2.0354609929078014,203.54609929078015,2.0354609929078014,12.0,12.0,0.0851063829787234,8.51063829787234,-158.0,0.0,0.0,0.0,12.0,2023,11,November,2023-11,4,Monday,Weekday,0.9280931330858281,0.0326605577481851,2.3385697635523206,87.31945574064594,False,False,False,False,False,False,False,False
2023-11-14,116.0,181.0,182.0,9665,247.0,116.0,247.0,-131.0,0.0,-131.0,1.0055248618784531,100.55248618784532,0.025556130367304707,2.555613036730471,2.1293103448275863,212.93103448275863,2.1293103448275863,-66.0,0.0,0.0,0.0,-65.0,0.0,0.0,0.0,0.0,2023,11,November,2023-11,4,Tuesday,Weekday,0.8959153661014313,0.031318544599156305,2.371820995079414,85.56111605675954,False,False,False,False,False,False,False,False
2023-11-15,150.0,157.0,201.0,9762,316.0,150.0,316.0,-166.0,0.0,-166.0,1.2802547770700636,128.02547770700636,0.03237041589838148,3.237041589838148,2.1066666666666665,210.66666666666666,2.1066666666666665,-51.0,0.0,0.0,0.0,-115.0,0.0,0.0,0.0,0.0,2023,11,November,2023-11,4,Wednesday,Weekday,0.9750821976083348,0.03024277726581822,2.2430405072745363,88.8199327081842,False,False,False,False,False,False,False,False
2023-11-16,80.0,176.0,125.0,9762,374.0,80.0,374.0,-294.0,0.0,-294.0,0.7102272727272727,71.02272727272727,0.03831182134808441,3.831182134808441,4.675,467.5,4.675,-45.0,0.0,0.0,0.0,-249.0,0.0,0.0,0.0,0.0,2023,11,November,2023-11,4,Thursday,Weekday,0.9790570317870316,0.03085450572091671,2.5438825514092636,86.67084344765883,False,False,False,False,False,False,False,False
2023-11-19,116.0,188.0,164.0,9573,435.0,116.0,435.0,-319.0,0.0,-319.0,0.8723404255319149,87.2340425531915,0.04544030084612974,4.544030084612974,3.75,375.0,3.75,-48.0,0.0,0.0,0.0,-271.0,0.0,0.0,0.0,0.0,2023,11,November,2023-11,4,Sunday,Weekend,0.9879135457792756,0.03386606584992725,2.8455542839320596,84.2038367192844,False,False,False,False,False,False,False,False
2023-11-20,105.0,185.0,158.0,9638,298.0,105.0,298.0,-193.0,0.0,-193.0,0.8540540540540541,85.4054054054054,0.03091927785847686,3.091927785847686,2.8380952380952382,283.8095238095238,2.8380952380952382,-53.0,0.0,0.0,0.0,-140.0,0.0,0.0,0.0,0.0,2023,11,November,2023-11,4,Monday,Weekday,0.9891880187351646,0.03368629069183487,2.970707129880566,83.97954263060375,False,False,False,False,False,False,False,False
2023-11-21,136.0,246.0,123.0,9804,250.0,136.0,250.0,-114.0,0.0,-114.0,0.5,50.0,0.025499796001631988,2.5499796001631987,1.838235294117647,183.8235294117647,1.838235294117647,13.0,13.0,0.09558823529411764,9.558823529411764,-127.0,0.0,0.0,0.0,13.0,2023,11,November,2023-11,4,Tuesday,Weekday,0.8525808758780217,0.032610928788692914,2.7675383623735628,82.02879605880317,True,False,True,False,False,False,False,False
2023-11-23,128.0,228.0,177.0,9838,283.0,128.0,283.0,-155.0,0.0,-155.0,0.7763157894736842,77.63157894736842,0.028766009351494207,2.876600935149421,2.2109375,221.09375,2.2109375,-49.0,0.0,0.0,0.0,-106.0,0.0,0.0,0.0,0.0,2023,11,November,2023-11,4,Thursday,Weekday,0.8569595972479204,0.03240910738164334,2.7926064348153052,81.73166646343229,False,False,False,False,False,False,False,False
2023-11-26,90.0,196.0,205.0,9845,312.0,90.0,312.0,-222.0,0.0,-222.0,1.0459183673469388,104.59183673469387,0.031691213814118845,3.1691213814118844,3.466666666666667,346.6666666666667,3.466666666666667,-115.0,0.0,0.0,0.0,-107.0,0.0,0.0,0.0,0.0,2023,11,November,2023-11,4,Sunday,Weekend,0.8627300980291326,0.03328554787404536,2.983657337935174,83.4087808998605,False,False,False,False,False,False,False,False
2023-11-27,56.0,82.0,68.0,10123,214.0,56.0,214.0,-158.0,0.0,-158.0,0.8292682926829268,82.92682926829268,0.02113997826731206,2.113997826731206,3.8214285714285716,382.14285714285717,3.8214285714285716,-12.0,0.0,0.0,0.0,-146.0,0.0,0.0,0.0,0.0,2023,11,November,2023-11,4,Monday,Weekday,0.7983034574023987,0.03168119964103545,3.2286233243297318,79.67939111375826,False,False,False,False,False,False,False,False
2023-11-28,74.0,103.0,80.0,10223,223.0,74.0,223.0,-149.0,0.0,-149.0,0.7766990291262136,77.66990291262135,0.021813557664090776,2.1813557664090775,3.0135135135135136,301.35135135135135,3.0135135135135136,-6.0,0.0,0.0,0.0,-143.0,0.0,0.0,0.0,0.0,2023,11,November,2023-11,4,Tuesday,Weekday,0.8077994226022476,0.029324304829036356,2.9912681119745197,78.08912858694137,False,False,False,False,False,False,False,False
2023-11-29,68.0,107.0,102.0,10398,284.0,68.0,284.0,-216.0,0.0,-216.0,0.9532710280373832,95.32710280373831,0.027312944797076362,2.7312944797076364,4.176470588235294,417.64705882352945,4.176470588235294,-34.0,0.0,0.0,0.0,-182.0,0.0,0.0,0.0,0.0,2023,11,November,2023-11,4,Wednesday,Weekday,0.8193609372458859,0.026734682536314443,3.0521924817224186,86.54903618654158,False,False,False,False,False,False,False,False
2023-11-30,92.0,124.0,93.0,10536,320.0,92.0,320.0,-228.0,0.0,-228.0,0.75,75.0,0.030372057706909643,3.037205770690964,3.4782608695652173,347.82608695652175,3.4782608695652173,-1.0,0.0,0.0,0.0,-227.0,0.0,0.0,0.0,0.0,2023,11,November,2023-11,4,Thursday,Weekday,0.8044960723810209,0.0266565082289477,3.1436447147895588,86.76166554886024,False,False,False,False,False,False,False,False
2023-12-03,132.0,235.0,197.0,10579,417.0,132.0,417.0,-285.0,0.0,-285.0,0.8382978723404255,83.82978723404256,0.039417714339729654,3.9417714339729653,3.159090909090909,315.90909090909093,3.159090909090909,-65.0,0.0,0.0,0.0,-220.0,0.0,0.0,0.0,0.0,2023,12,December,2023-12,4,Sunday,Weekend,0.8528243398582246,0.028644782277247365,3.3323383740714534,82.1291893585926,False,False,False,False,False,False,False,False
2023-12-04,174.0,208.0,256.0,10635,273.0,174.0,273.0,-99.0,0.0,-99.0,1.2307692307692308,123.07692307692308,0.025669957686882933,2.5669957686882934,1.5689655172413792,156.89655172413794,1.5689655172413792,-82.0,0.0,0.0,0.0,-17.0,0.0,0.0,0.0,0.0,2023,12,December,2023-12,4,Monday,Weekday,0.9177462600433027,0.0282024891823029,3.240628090820222,81.66480999619282,False,False,False,False,False,False,False,False
2023-12-05,123.0,230.0,167.0,10761,261.0,123.0,261.0,-138.0,0.0,-138.0,0.7260869565217392,72.60869565217392,0.024254251463618624,2.4254251463618623,2.1219512195121952,212.19512195121953,2.1219512195121952,-44.0,0.0,0.0,0.0,-94.0,0.0,0.0,0.0,0.0,2023,12,December,2023-12,4,Tuesday,Weekday,0.8720560584968455,0.027140065989374296,3.0485258840838685,81.22671397938554,False,False,False,False,False,False,False,False
2023-12-06,123.0,233.0,159.0,10832,376.0,123.0,376.0,-253.0,0.0,-253.0,0.6824034334763949,68.24034334763948,0.03471196454948301,3.471196454948301,3.0569105691056913,305.6910569105691,3.0569105691056913,-36.0,0.0,0.0,0.0,-217.0,0.0,0.0,0.0,0.0,2023,12,December,2023-12,4,Wednesday,Weekday,0.8510753643244839,0.029078921172541572,2.939309026609172,82.41143500656422,False,False,False,False,False,False,False,False
2023-12-07,141.0,232.0,188.0,10897,466.0,141.0,466.0,-325.0,0.0,-325.0,0.8103448275862069,81.03448275862068,0.04276406350371662,4.276406350371662,3.3049645390070923,330.49645390070924,3.3049645390070923,-47.0,0.0,0.0,0.0,-278.0,0.0,0.0,0.0,0.0,2023,12,December,2023-12,4,Thursday,Weekday,0.8558819069616257,0.03207185057820241,2.980944887393968,81.86417355644608,False,False,False,False,False,False,False,False
2023-12-10,158.0,226.0,191.0,10871,411.0,158.0,411.0,-253.0,0.0,-253.0,0.8451327433628318,84.51327433628319,0.03780700947474933,3.780700947474933,2.6012658227848102,260.126582278481,2.6012658227848102,-33.0,0.0,0.0,0.0,-220.0,0.0,0.0,0.0,0.0,2023,12,December,2023-12,4,Sunday,Weekend,0.840433580579547,0.03357100267501283,2.7559156351867564,82.66397801660011,False,False,False,False,False,False,False,False
2023-12-11,96.0,160.0,233.0,10998,304.0,96.0,304.0,-208.0,0.0,-208.0,1.45625,145.625,0.027641389343517002,2.7641389343517,3.1666666666666665,316.66666666666663,3.1666666666666665,-137.0,0.0,0.0,0.0,-71.0,0.0,0.0,0.0,0.0,2023,12,December,2023-12,4,Monday,Weekday,0.9413264377224041,0.03318090719452817,2.7114021776298207,81.9316053533685,False,False,False,False,False,False,False,False
2023-12-12,141.0,173.0,129.0,11077,259.0,141.0,259.0,-118.0,0.0,-118.0,0.7456647398843931,74.56647398843931,0.02338178207095784,2.338178207095784,1.8368794326241136,183.68794326241135,1.8368794326241136,12.0,12.0,0.0851063829787234,8.51063829787234,-130.0,0.0,0.0,0.0,12.0,2023,12,December,2023-12,4,Tuesday,Weekday,0.9280931330858281,0.030890059727560763,2.5225148238488493,80.36734989031494,False,False,False,False,False,False,False,False
2023-12-13,116.0,181.0,182.0,11192,335.0,116.0,335.0,-219.0,0.0,-219.0,1.0055248618784531,100.55248618784532,0.029932094353109364,2.9932094353109364,2.8879310344827585,288.7931034482759,2.8879310344827585,-66.0,0.0,0.0,0.0,-153.0,0.0,0.0,0.0,0.0,2023,12,December,2023-12,4,Wednesday,Weekday,0.8959153661014313,0.03149893639416454,2.7109384691690472,81.35382811214639,False,False,False,False,False,False,False,False
2023-12-14,150.0,157.0,201.0,11242,396.0,150.0,396.0,-246.0,0.0,-246.0,1.2802547770700636,128.02547770700636,0.03522504892367906,3.522504892367906,2.64,264.0,2.64,-51.0,0.0,0.0,0.0,-195.0,0.0,0.0,0.0,0.0,2023,12,December,2023-12,4,Thursday,Weekday,0.9750821976083347,0.03306619317417318,2.7849454378101615,83.47930802699611,False,False,False,False,False,False,False,False
2023-12-17,80.0,176.0,125.0,11092,456.0,80.0,456.0,-376.0,0.0,-376.0,0.7102272727272727,71.02272727272727,0.04111071042192571,4.111071042192571,5.7,570.0,5.7,-45.0,0.0,0.0,0.0,-331.0,0.0,0.0,0.0,0.0,2023,12,December,2023-12,4,Sunday,Weekend,0.9790570317870316,0.03398029972737927,3.162529642223635,82.46850383674571,False,False,False,False,False,False,False,False
2023-12-18,116.0,188.0,164.0,11149,364.0,116.0,364.0,-248.0,0.0,-248.0,0.8723404255319149,87.2340425531915,0.03264866804197686,3.264866804197686,3.1379310344827585,313.7931034482759,3.1379310344827585,-48.0,0.0,0.0,0.0,-200.0,0.0,0.0,0.0,0.0,2023,12,December,2023-12,4,Monday,Weekday,0.9879135457792757,0.032535243232845026,3.1386677130058724,84.2163666396964,False,False,False,False,False,False,False,False
2023-12-19,105.0,185.0,158.0,11291,272.0,105.0,272.0,-167.0,0.0,-167.0,0.8540540540540541,85.4054054054054,0.024089983172438226,2.4089983172438227,2.5904761904761906,259.04761904761904,2.5904761904761906,-53.0,0.0,0.0,0.0,-114.0,0.0,0.0,0.0,0.0,2023,12,December,2023-12,4,Tuesday,Weekday,0.9891880187351646,0.03057566804680058,3.137126336961784,82.8680393826881,False,False,False,False,False,False,False,False
2023-12-20,136.0,246.0,123.0,11516,390.0,136.0,390.0,-254.0,0.0,-254.0,0.5,50.0,0.033865925668634944,3.386592566863494,2.8676470588235294,286.7647058823529,2.8676470588235294,13.0,13.0,0.09558823529411764,9.558823529411764,-267.0,0.0,0.0,0.0,13.0,2023,12,December,2023-12,4,Wednesday,Weekday,0.8525808758780217,0.031464887521817426,3.0944092501270504,83.36808577101611,True,False,True,False,False,False,False,False
2023-12-21,128.0,228.0,177.0,11375,497.0,128.0,497.0,-369.0,0.0,-369.0,0.7763157894736842,77.63157894736842,0.04369230769230769,4.369230769230769,3.8828125,388.28125,3.8828125,-49.0,0.0,0.0,0.0,-320.0,0.0,0.0,0.0,0.0,2023,12,December,2023-12,4,Thursday,Weekday,0.8569595972479204,0.034366391182010264,3.3866854026093196,83.88136410188827,False,False,False,False,False,False,False,False
2023-12-25,90.0,196.0,205.0,11144,347.0,90.0,347.0,-257.0,0.0,-257.0,1.0459183673469388,104.59183673469387,0.031137832017229004,3.1137832017229004,3.8555555555555556,385.55555555555554,3.8555555555555556,-115.0,0.0,0.0,0.0,-142.0,0.0,0.0,0.0,0.0,2023,12,December,2023-12,4,Monday,Weekday,0.8627300980291326,0.03453863941974164,3.5249174770482905,84.19504779751209,False,False,False,False,False,False,False,False
2023-12-26,56.0,82.0,68.0,11217,288.0,56.0,288.0,-232.0,0.0,-232.0,0.8292682926829268,82.92682926829268,0.025675314255148435,2.5675314255148436,5.142857142857143,514.2857142857143,5.142857142857143,-12.0,0.0,0.0,0.0,-220.0,0.0,0.0,0.0,0.0,2023,12,December,2023-12,4,Tuesday,Weekday,0.7983034574023989,0.03317439160995155,3.882468497456454,82.02100303965193,False,False,False,False,False,False,False,False
2023-12-27,74.0,103.0,80.0,11206,335.0,74.0,335.0,-261.0,0.0,-261.0,0.7766990291262136,77.66990291262135,0.029894699268249152,2.989469926824915,4.527027027027027,452.7027027027027,4.527027027027027,-6.0,0.0,0.0,0.0,-255.0,0.0,0.0,0.0,0.0,2023,12,December,2023-12,4,Wednesday,Weekday,0.8077994226022475,0.03157210430228347,3.7149009298888864,83.10805456375346,False,False,False,False,False,False,False,False
2023-12-28,68.0,107.0,102.0,11230,357.0,68.0,357.0,-289.0,0.0,-289.0,0.9532710280373832,95.32710280373831,0.031789848619768475,3.1789848619768475,5.25,525.0,5.25,-34.0,0.0,0.0,0.0,-255.0,0.0,0.0,0.0,0.0,2023,12,December,2023-12,4,Thursday,Weekday,0.8193609372458858,0.03144941581339656,4.016625067819921,83.08804331863502,False,False,False,False,False,False,False,False
2024-01-01,92.0,124.0,93.0,10870,290.0,92.0,290.0,-198.0,0.0,-198.0,0.75,75.0,0.02667893284268629,2.667893284268629,3.152173913043478,315.2173913043478,3.152173913043478,-1.0,0.0,0.0,0.0,-197.0,0.0,0.0,0.0,0.0,2024,1,January,2024-01,1,Monday,Weekday,0.8044960723810208,0.03181926576628914,4.096867599615247,84.21266514320874,False,False,False,False,False,False,False,False
2024-01-02,113.0,162.0,107.0,10770,316.0,113.0,316.0,-203.0,0.0,-203.0,0.6604938271604939,66.0493827160494,0.02934076137418756,2.934076137418756,2.7964601769911503,279.646017699115,2.7964601769911503,6.0,6.0,0.05309734513274336,5.3097345132743365,-209.0,0.0,0.0,0.0,6.0,2024,1,January,2024-01,1,Tuesday,Weekday,0.8274237619753771,0.031172813724225232,4.086698045067765,83.96856793276245,False,False,False,False,False,False,False,False
2024-01-03,106.0,196.0,131.0,10718,263.0,106.0,263.0,-157.0,0.0,-157.0,0.6683673469387755,66.83673469387756,0.02453816010449711,2.453816010449711,2.481132075471698,248.1132075471698,2.481132075471698,-25.0,0.0,0.0,0.0,-132.0,0.0,0.0,0.0,0.0,2024,1,January,2024-01,1,Wednesday,Weekday,0.8120025558989615,0.028436506925966578,3.8864579844208644,91.0052831875669,False,False,False,False,False,False,False,False
2024-01-04,86.0,152.0,168.0,10558,362.0,86.0,362.0,-276.0,0.0,-276.0,1.105263157894737,110.5263157894737,0.03428679674180716,3.428679674180716,4.209302325581396,420.93023255813955,4.209302325581396,-82.0,0.0,0.0,0.0,-194.0,0.0,0.0,0.0,0.0,2024,1,January,2024-01,1,Thursday,Weekday,0.8204803831200757,0.028886359029477744,3.9369932372816985,89.23185661212224,False,False,False,False,False,False,False,False
2024-01-07,84.0,118.0,136.0,9670,367.0,84.0,367.0,-283.0,0.0,-283.0,1.152542372881356,115.2542372881356,0.03795243019648397,3.795243019648397,4.369047619047619,436.90476190476187,4.369047619047619,-52.0,0.0,0.0,0.0,-231.0,0.0,0.0,0.0,0.0,2024,1,January,2024-01,1,Sunday,Weekend,0.8666623945769941,0.03064023273538282,3.826449019594624,87.11370775702044,False,False,False,False,False,False,False,False
2024-01-08,59.0,64.0,117.0,9670,367.0,59.0,367.0,-308.0,0.0,-308.0,1.828125,182.8125,0.03795243019648397,3.795243019648397,6.220338983050848,622.0338983050848,6.220338983050848,-58.0,0.0,0.0,0.0,-250.0,0.0,0.0,0.0,0.0,2024,1,January,2024-01,1,Monday,Weekday,1.0168661047018208,0.031791337153702075,4.068350727598027,85.770868471294,False,False,False,False,False,False,False,False
2024-01-09,62.0,97.0,52.0,9311,286.0,62.0,286.0,-224.0,0.0,-224.0,0.5360824742268041,53.608247422680414,0.030716356997100205,3.0716356997100203,4.612903225806452,461.2903225806452,4.612903225806452,10.0,10.0,0.16129032258064516,16.129032258064516,-234.0,0.0,0.0,0.0,10.0,2024,1,January,2024-01,1,Tuesday,Weekday,0.9572677398717381,0.03163798120760661,3.977336902713234,85.67546316159641,False,False,False,False,False,False,False,False
2024-01-10,91.0,75.0,97.0,9144,349.0,91.0,349.0,-258.0,0.0,-258.0,1.2933333333333332,129.33333333333331,0.038167104111986004,3.8167104111986005,3.8351648351648353,383.5164835164835,3.8351648351648353,-6.0,0.0,0.0,0.0,-252.0,0.0,0.0,0.0,0.0,2024,1,January,2024-01,1,Wednesday,Weekday,1.0348867874907857,0.03327914853179228,4.074907034444857,86.31382453064731,False,False,False,False,False,False,False,False
2024-01-11,29.0,51.0,11.0,8829,476.0,29.0,476.0,-447.0,0.0,-447.0,0.21568627450980393,21.568627450980394,0.053913240457582966,5.391324045758297,16.413793103448278,1641.3793103448277,16.413793103448278,18.0,18.0,0.6206896551724138,62.06896551724138,-465.0,0.0,0.0,0.0,18.0,2024,1,January,2024-01,1,Thursday,Weekday,0.97134285139783,0.03678950268656305,6.020240309653018,80.26281449769975,True,False,True,False,False,False,False,False
2024-01-15,33.0,53.0,34.0,8033,234.0,33.0,234.0,-201.0,0.0,-201.0,0.6415094339622641,64.15094339622641,0.029129839412423753,2.9129839412423753,7.090909090909091,709.0909090909091,7.090909090909091,-1.0,0.0,0.0,0.0,-200.0,0.0,0.0,0.0,0.0,2024,1,January,2024-01,1,Monday,Weekday,0.9675060066868999,0.037445456873409715,6.678779883286931,82.16055108133942,False,False,False,False,False,False,False,False
2024-01-16,32.0,49.0,39.0,8133,188.0,32.0,188.0,-156.0,0.0,-156.0,0.7959183673469388,79.59183673469387,0.02311570146317472,2.311570146317472,5.875,587.5,5.875,-7.0,0.0,0.0,0.0,-149.0,0.0,0.0,0.0,0.0,2024,1,January,2024-01,1,Tuesday,Weekday,0.9233138937515,0.03584958611931937,6.9167366939181605,78.56247679092391,False,False,False,False,False,False,False,False
2024-01-17,80.0,176.0,125.0,8072,353.0,80.0,353.0,-273.0,0.0,-273.0,0.7102272727272727,71.02272727272727,0.04373141724479683,4.373141724479683,4.4125,441.24999999999994,4.4125,-45.0,0.0,0.0,0.0,-228.0,0.0,0.0,0.0,0.0,2024,1,January,2024-01,1,Wednesday,Weekday,0.8601260223009167,0.03667515569764978,6.922944176911358,78.20116809866151,False,False,False,False,False,False,False,False
2024-01-18,116.0,188.0,164.0,8042,359.0,116.0,359.0,-243.0,0.0,-243.0,0.8723404255319149,87.2340425531915,0.044640636657547875,4.464063665754788,3.0948275862068964,309.48275862068965,3.0948275862068964,-48.0,0.0,0.0,0.0,-195.0,0.0,0.0,0.0,0.0,2024,1,January,2024-01,1,Thursday,Weekday,0.723585368805476,0.03763061376351605,6.476442548790793,77.91634899287641,False,False,False,False,False,False,False,False
2024-01-21,105.0,185.0,158.0,7974,371.0,105.0,371.0,-266.0,0.0,-266.0,0.8540540540540541,85.4054054054054,0.04652621018309506,4.652621018309506,3.533333333333333,353.3333333333333,3.533333333333333,-53.0,0.0,0.0,0.0,-213.0,0.0,0.0,0.0,0.0,2024,1,January,2024-01,1,Sunday,Weekend,0.7690098802093688,0.03988916421865817,6.32221827843749,78.95651118193985,False,False,False,False,False,False,False,False
2024-01-22,136.0,246.0,123.0,8008,222.0,136.0,222.0,-86.0,0.0,-86.0,0.5,50.0,0.027722277722277724,2.7722277722277724,1.6323529411764706,163.23529411764704,1.6323529411764706,13.0,13.0,0.09558823529411764,9.558823529411764,-99.0,0.0,0.0,0.0,13.0,2024,1,January,2024-01,1,Monday,Weekday,0.6556765468760355,0.03839704616298556,6.007530865010581,76.7957073266244,True,False,True,False,False,False,False,False
2024-01-23,128.0,228.0,177.0,8133,202.0,128.0,202.0,-74.0,0.0,-74.0,0.7763157894736842,77.63157894736842,0.024837083487028157,2.4837083487028155,1.578125,157.8125,1.578125,-49.0,0.0,0.0,0.0,-25.0,0.0,0.0,0.0,0.0,2024,1,January,2024-01,1,Tuesday,Weekday,0.7357664775851612,0.0342433094529063,3.888149707375113,76.96851935459941,False,False,False,False,False,False,False,False
2024-01-24,90.0,196.0,205.0,8212,243.0,90.0,243.0,-153.0,0.0,-153.0,1.0459183673469388,104.59183673469387,0.02959084266926449,2.959084266926449,2.7,270.0,2.7,-115.0,0.0,0.0,0.0,-38.0,0.0,0.0,0.0,0.0,2024,1,January,2024-01,1,Wednesday,Weekday,0.7935391823544004,0.03430916706102641,3.2608769801023856,77.0664345661246,False,False,False,False,False,False,False,False
2024-01-25,102.0,189.0,155.0,8180,293.0,102.0,293.0,-191.0,0.0,-191.0,0.8201058201058201,82.01058201058201,0.03581907090464548,3.581907090464548,2.872549019607843,287.2549019607843,2.872549019607843,-53.0,0.0,0.0,0.0,-138.0,0.0,0.0,0.0,0.0,2024,1,January,2024-01,1,Thursday,Weekday,0.7969945327485265,0.036123934124093655,2.8319554114749352,80.16435772741086,False,False,False,False,False,False,False,False
2024-01-28,120.0,257.0,126.0,8004,307.0,120.0,307.0,-187.0,0.0,-187.0,0.490272373540856,49.0272373540856,0.03835582208895552,3.835582208895552,2.558333333333333,255.83333333333331,2.558333333333333,-6.0,0.0,0.0,0.0,-181.0,0.0,0.0,0.0,0.0,2024,1,January,2024-01,1,Sunday,Weekend,0.765572404293324,0.03535599195897347,2.5670744590939827,80.82115149771542,False,False,False,False,False,False,False,False
2024-01-29,137.0,272.0,166.0,8057,195.0,137.0,195.0,-58.0,0.0,-58.0,0.6102941176470589,61.029411764705884,0.024202556782921682,2.4202556782921683,1.4233576642335766,142.33576642335765,1.4233576642335766,-29.0,0.0,0.0,0.0,-29.0,0.0,0.0,0.0,0.0,2024,1,January,2024-01,1,Monday,Weekday,0.7281372174526303,0.0324362662625983,2.3282930416692227,79.87238453989231,False,False,False,False,False,False,False,False
2024-01-30,93.0,198.0,208.0,8182,187.0,93.0,187.0,-94.0,0.0,-94.0,1.0505050505050506,105.05050505050507,0.02285504766560743,2.285504766560743,2.010752688172043,201.0752688172043,2.010752688172043,-115.0,0.0,0.0,0.0,21.0,21.0,0.10096153846153846,10.096153846153847,21.0,2024,1,January,2024-01,1,Tuesday,Weekday,0.7562016455170584,0.029054671617242928,2.110781520931895,82.94653584742545,False,False,False,False,False,False,False,False
2024-01-31,203.0,477.0,258.0,8153,266.0,203.0,266.0,-63.0,0.0,-63.0,0.5408805031446541,54.088050314465406,0.03262602722924077,3.262602722924077,1.3103448275862069,131.0344827586207,1.3103448275862069,-55.0,0.0,0.0,0.0,-8.0,0.0,0.0,0.0,0.0,2024,1,January,2024-01,1,Wednesday,Weekday,0.7620417173948661,0.02975520726109479,2.0647803618475717,83.03842275260637,False,False,False,False,False,False,False,False
2024-02-01,222.0,459.0,289.0,8026,337.0,222.0,337.0,-115.0,0.0,-115.0,0.6296296296296297,62.96296296296296,0.04198853725392474,4.198853725392474,1.518018018018018,151.80180180180182,1.518018018018018,-67.0,0.0,0.0,0.0,-48.0,0.0,0.0,0.0,0.0,2024,2,February,2024-02,1,Thursday,Weekday,0.7410865517028584,0.03220541494208002,2.05619365013586,81.8723297942571,False,False,False,False,False,False,False,False
2024-02-04,253.0,531.0,248.0,7813,342.0,253.0,342.0,-89.0,0.0,-89.0,0.4670433145009416,46.70433145009416,0.04377319851529502,4.377319851529502,1.3517786561264822,135.17786561264822,1.3517786561264822,5.0,5.0,0.019762845849802372,1.9762845849802373,-94.0,0.0,0.0,0.0,5.0,2024,2,February,2024-02,1,Sunday,Weekend,0.6583901155820016,0.03423146577722723,1.863590601011072,80.67690328743856,True,False,True,False,True,False,True,False
2024-02-05,157.0,466.0,345.0,7872,242.0,157.0,242.0,-85.0,0.0,-85.0,0.740343347639485,74.0343347639485,0.030741869918699188,3.0741869918699187,1.5414012738853504,154.14012738853503,1.5414012738853504,-188.0,0.0,0.0,0.0,103.0,103.0,0.2985507246376812,29.855072463768117,103.0,2024,2,February,2024-02,1,Monday,Weekday,0.6469954766582394,0.03350615135066348,1.6734266373364302,80.22446797528147,False,False,False,False,False,False,False,False
2024-02-06,291.0,455.0,323.0,8045,178.0,291.0,178.0,113.0,113.0,0.0,0.7098901098901099,70.98901098901099,0.022125543816034803,2.2125543816034803,0.6116838487972509,61.16838487972509,0.6116838487972509,-32.0,0.0,0.0,0.0,145.0,145.0,0.44891640866873067,44.89164086687307,145.0,2024,2,February,2024-02,1,Tuesday,Weekday,0.6783694389938472,0.03118754016881766,1.3953338538312754,77.75490340580015,False,False,False,False,False,False,False,False
2024-02-07,227.0,453.0,330.0,8160,222.0,227.0,222.0,5.0,5.0,0.0,0.7284768211920529,72.84768211920529,0.027205882352941177,2.7205882352941178,0.9779735682819384,97.79735682819384,0.9779735682819384,-103.0,0.0,0.0,0.0,108.0,108.0,0.32727272727272727,32.72727272727273,108.0,2024,2,February,2024-02,1,Wednesday,Weekday,0.6952526823574177,0.031616586678820446,1.3317075544096129,78.62178612357347,False,False,False,False,False,False,False,False
2024-02-08,298.0,499.0,358.0,8188,315.0,298.0,315.0,-17.0,0.0,-17.0,0.717434869739479,71.7434869739479,0.03847093307278945,3.8470933072789446,1.0570469798657718,105.70469798657717,1.0570469798657718,-60.0,0.0,0.0,0.0,43.0,43.0,0.12011173184357542,12.011173184357542,43.0,2024,2,February,2024-02,1,Thursday,Weekday,0.647671227962336,0.03384742745127502,1.1954638817944312,80.98762623313043,False,False,False,False,False,False,False,False
2024-02-11,205.0,515.0,226.0,8056,347.0,205.0,347.0,-142.0,0.0,-142.0,0.4388349514563107,43.883495145631066,0.04307348560079444,4.3073485600794434,1.6926829268292682,169.2682926829268,1.6926829268292682,-21.0,0.0,0.0,0.0,-121.0,0.0,0.0,0.0,0.0,2024,2,February,2024-02,1,Sunday,Weekend,0.6330932920068584,0.03533992150435412,1.2500836102577257,80.37297215831467,False,False,False,False,True,False,True,False
2024-02-12,213.0,430.0,440.0,8092,234.0,213.0,234.0,-21.0,0.0,-21.0,1.0232558139534884,102.32558139534885,0.028917449332674247,2.8917449332674248,1.0985915492957747,109.85915492957747,1.0985915492957747,-227.0,0.0,0.0,0.0,206.0,206.0,0.4681818181818182,46.81818181818182,206.0,2024,2,February,2024-02,1,Monday,Weekday,0.6893256040531239,0.03347262322988976,1.1901655432974052,80.01256992691526,False,False,False,True,False,False,False,False
2024-02-13,227.0,369.0,349.0,8348,160.0,227.0,160.0,67.0,67.0,0.0,0.94579945799458,94.579945799458,0.019166267369429803,1.9166267369429804,0.7048458149779736,70.48458149779736,0.7048458149779736,-122.0,0.0,0.0,0.0,189.0,189.0,0.5415472779369628,54.15472779369628,189.0,2024,2,February,2024-02,1,Tuesday,Weekday,0.7577193388379294,0.029957347351909018,1.0977465659904753,77.93605560306301,False,False,False,False,False,False,False,False
2024-02-14,185.0,322.0,272.0,8512,230.0,185.0,230.0,-45.0,0.0,-45.0,0.84472049689441,84.472049689441,0.027020676691729324,2.702067669172932,1.2432432432432432,124.32432432432432,1.2432432432432432,-87.0,0.0,0.0,0.0,42.0,42.0,0.15441176470588236,15.441176470588236,42.0,2024,2,February,2024-02,1,Wednesday,Weekday,0.7726303601600615,0.029425748319484746,1.0551525616130315,77.50590163648324,False,False,False,False,False,False,False,False
2024-02-15,333.0,508.0,272.0,8463,312.0,333.0,312.0,21.0,21.0,0.0,0.5354330708661418,53.54330708661418,0.03686635944700461,3.686635944700461,0.9369369369369369,93.69369369369369,0.9369369369369369,61.0,61.0,0.1831831831831832,18.31831831831832,-40.0,0.0,0.0,0.0,61.0,2024,2,February,2024-02,1,Thursday,Weekday,0.7477079260137803,0.031531579123909005,1.1016172884901294,79.25673569573506,False,False,False,True,False,False,False,False
2024-02-19,249.0,420.0,371.0,8380,218.0,249.0,218.0,31.0,31.0,0.0,0.8833333333333333,88.33333333333333,0.026014319809069212,2.6014319809069213,0.8755020080321285,87.55020080321285,0.8755020080321285,-122.0,0.0,0.0,0.0,153.0,153.0,0.4123989218328841,41.23989218328841,153.0,2024,2,February,2024-02,1,Monday,Weekday,0.7698302848911062,0.03136135590335587,1.0869784941687282,78.9372960891175,False,False,False,False,False,False,False,False
2024-02-20,149.0,395.0,273.0,8488,192.0,149.0,192.0,-43.0,0.0,-43.0,0.6911392405063291,69.11392405063292,0.022620169651272386,2.2620169651272386,1.2885906040268456,128.85906040268455,1.2885906040268456,-124.0,0.0,0.0,0.0,81.0,81.0,0.2967032967032967,29.67032967032967,81.0,2024,2,February,2024-02,1,Tuesday,Weekday,0.7660737664292278,0.029096961128853432,1.1200561547631673,77.87313228657861,False,False,False,False,False,False,False,False
2024-02-21,232.0,430.0,318.0,8573,231.0,232.0,231.0,1.0,1.0,0.0,0.7395348837209302,73.95348837209302,0.026945060072320073,2.6945060072320075,0.9956896551724138,99.56896551724138,0.9956896551724138,-86.0,0.0,0.0,0.0,87.0,87.0,0.27358490566037735,27.358490566037734,87.0,2024,2,February,2024-02,1,Wednesday,Weekday,0.8090308996098876,0.02679290033907138,1.0204856873836166,82.93936428148484,False,False,False,False,False,False,False,False
2024-02-22,165.0,400.0,292.0,8607,293.0,165.0,293.0,-128.0,0.0,-128.0,0.73,73.0,0.0340420587893575,3.40420587893575,1.7757575757575759,177.5757575757576,1.7757575757575759,-127.0,0.0,0.0,0.0,-1.0,0.0,0.0,0.0,0.0,2024,2,February,2024-02,1,Thursday,Weekday,0.7671372119022463,0.02752498740431184,1.1172236911638738,81.75046090985691,False,False,False,False,False,False,False,False
2024-02-25,244.0,482.0,366.0,8404,329.0,244.0,329.0,-85.0,0.0,-85.0,0.7593360995850622,75.93360995850622,0.03914802475011899,3.914802475011899,1.348360655737705,134.8360655737705,1.348360655737705,-122.0,0.0,0.0,0.0,37.0,37.0,0.10109289617486339,10.10928961748634,37.0,2024,2,February,2024-02,1,Sunday,Weekend,0.7404995892723152,0.030379524172981728,1.2091543827009785,82.92685747952166,False,False,False,False,False,False,False,False
2024-02-26,199.0,438.0,326.0,8404,329.0,199.0,329.0,-130.0,0.0,-130.0,0.7442922374429224,74.42922374429224,0.03914802475011899,3.914802475011899,1.6532663316582914,165.32663316582915,1.6532663316582914,-127.0,0.0,0.0,0.0,-3.0,0.0,0.0,0.0,0.0,2024,2,February,2024-02,1,Monday,Weekday,0.7261526950649599,0.032112002467037395,1.2677291096174137,82.47607282121432,False,False,False,False,False,False,False,False
2024-02-27,197.0,369.0,306.0,8650,206.0,197.0,206.0,-9.0,0.0,-9.0,0.8292682926829268,82.92682926829268,0.023815028901734103,2.3815028901734103,1.0456852791878173,104.56852791878173,1.0456852791878173,-109.0,0.0,0.0,0.0,100.0,100.0,0.32679738562091504,32.6797385620915,100.0,2024,2,February,2024-02,1,Tuesday,Weekday,0.7681291553245007,0.030247526674855894,1.2832645870818253,81.02107451697374,False,False,False,False,False,False,False,False
2024-02-28,209.0,447.0,274.0,8699,257.0,209.0,257.0,-48.0,0.0,-48.0,0.6129753914988815,61.297539149888145,0.02954362570410392,2.954362570410392,1.229665071770335,122.9665071770335,1.229665071770335,-65.0,0.0,0.0,0.0,17.0,17.0,0.06204379562043796,6.204379562043796,17.0,2024,2,February,2024-02,1,Wednesday,Weekday,0.7295065922052932,0.03075171323128942,1.3338593104729977,81.77012728256668,False,False,False,False,False,False,False,False
2024-02-29,262.0,444.0,354.0,8724,299.0,262.0,299.0,-37.0,0.0,-37.0,0.7972972972972973,79.72972972972973,0.03427326914259514,3.4273269142595137,1.1412213740458015,114.12213740458014,1.1412213740458015,-92.0,0.0,0.0,0.0,55.0,55.0,0.1553672316384181,15.53672316384181,55.0,2024,2,February,2024-02,1,Thursday,Weekday,0.7446720288897171,0.032416441730049816,1.3128065633328485,84.60090475534597,False,False,False,False,False,False,False,False
2024-03-03,236.0,468.0,347.0,8594,354.0,236.0,354.0,-118.0,0.0,-118.0,0.7414529914529915,74.14529914529915,0.04119152897370258,4.119152897370258,1.5,150.0,1.5,-111.0,0.0,0.0,0.0,-7.0,0.0,0.0,0.0,0.0,2024,3,March,2024-03,1,Sunday,Weekend,0.7449460442800115,0.034451651573104466,1.3848508983082177,84.85201637900066,False,False,False,False,False,False,False,False
2024-03-04,225.0,509.0,340.0,8660,229.0,225.0,229.0,-4.0,0.0,-4.0,0.6679764243614931,66.7976424361493,0.02644341801385681,2.644341801385681,1.0177777777777777,101.77777777777777,1.0177777777777777,-115.0,0.0,0.0,0.0,111.0,111.0,0.3264705882352941,32.64705882352941,111.0,2024,3,March,2024-03,1,Monday,Weekday,0.7360855334745108,0.03336613146231865,1.2765680700253896,82.93835134594241,False,False,False,False,False,False,False,False
2024-03-05,246.0,472.0,345.0,8800,214.0,246.0,214.0,32.0,32.0,0.0,0.7309322033898306,73.09322033898306,0.02431818181818182,2.4318181818181817,0.8699186991869918,86.99186991869918,0.8699186991869918,-99.0,0.0,0.0,0.0,131.0,131.0,0.37971014492753624,37.971014492753625,131.0,2024,3,March,2024-03,1,Tuesday,Weekday,0.732027834018049,0.03124758247204191,1.2082192190895735,81.55427601162143,False,False,False,False,False,False,False,False
2024-03-06,230.0,457.0,277.0,8870,232.0,230.0,232.0,-2.0,0.0,-2.0,0.6061269146608315,60.61269146608315,0.026155580608793687,2.6155580608793687,1.008695652173913,100.8695652173913,1.008695652173913,-47.0,0.0,0.0,0.0,45.0,45.0,0.1624548736462094,16.24548736462094,45.0,2024,3,March,2024-03,1,Wednesday,Weekday,0.7122899307634646,0.029391519023281156,1.116137693448948,82.31968904980788,False,False,False,False,False,False,False,False
2024-03-07,181.0,424.0,328.0,8902,305.0,181.0,305.0,-124.0,0.0,-124.0,0.7735849056603774,77.35849056603774,0.03426196360368457,3.426196360368457,1.6850828729281768,168.50828729281767,1.6850828729281768,-147.0,0.0,0.0,0.0,23.0,23.0,0.0701219512195122,7.01219512195122,23.0,2024,3,March,2024-03,1,Thursday,Weekday,0.7043351611888147,0.030883938266416933,1.207480206840428,83.72877745698975,False,False,False,False,False,False,False,False
2024-03-10,190.0,368.0,326.0,8714,373.0,190.0,373.0,-183.0,0.0,-183.0,0.8858695652173914,88.58695652173914,0.04280468212072527,4.280468212072527,1.9631578947368422,196.31578947368422,1.9631578947368422,-136.0,0.0,0.0,0.0,-47.0,0.0,0.0,0.0,0.0,2024,3,March,2024-03,1,Sunday,Weekend,0.7433200431486019,0.032778374897362836,1.3122648958356433,81.5193914873519,False,False,False,False,False,False,False,False
2024-03-11,178.0,336.0,290.0,8757,253.0,178.0,253.0,-75.0,0.0,-75.0,0.8630952380952381,86.30952380952381,0.02889117277606486,2.889117277606486,1.4213483146067416,142.13483146067415,1.4213483146067416,-112.0,0.0,0.0,0.0,37.0,37.0,0.12758620689655173,12.758620689655173,37.0,2024,3,March,2024-03,1,Monday,Weekday,0.7527197489768792,0.03200950398785851,1.3522830302014917,80.95929523119071,False,False,False,False,False,False,False,False
2024-03-12,154.0,294.0,290.0,8843,213.0,154.0,213.0,-59.0,0.0,-59.0,0.9863945578231292,98.63945578231292,0.02408684835463078,2.408684835463078,1.3831168831168832,138.31168831168833,1.3831168831168832,-136.0,0.0,0.0,0.0,77.0,77.0,0.2655172413793103,26.551724137931032,77.0,2024,3,March,2024-03,1,Tuesday,Weekday,0.7877114013154702,0.029565978185133967,1.3355854420753324,81.32115808068083,False,False,False,False,False,False,False,False
2024-03-13,165.0,358.0,167.0,8819,239.0,165.0,239.0,-74.0,0.0,-74.0,0.4664804469273743,46.64804469273743,0.027100578296859055,2.7100578296859057,1.4484848484848485,144.84848484848484,1.4484848484848485,-2.0,0.0,0.0,0.0,-72.0,0.0,0.0,0.0,0.0,2024,3,March,2024-03,1,Wednesday,Weekday,0.7589262616820245,0.02965985822556286,1.3971150236049141,81.47202309846516,False,False,False,False,True,False,True,False
2024-03-14,166.0,301.0,252.0,8695,310.0,166.0,310.0,-144.0,0.0,-144.0,0.8372093023255814,83.72093023255815,0.03565267395054629,3.565267395054629,1.8674698795180722,186.74698795180723,1.8674698795180722,-86.0,0.0,0.0,0.0,-58.0,0.0,0.0,0.0,0.0,2024,3,March,2024-03,1,Thursday,Weekday,0.7741087043871319,0.031279071387329216,1.5396223350807823,82.55836828073723,False,False,False,False,False,False,False,False
2024-03-17,127.0,260.0,259.0,8373,342.0,127.0,342.0,-215.0,0.0,-215.0,0.9961538461538462,99.61538461538461,0.04084557506270154,4.084557506270154,2.6929133858267718,269.29133858267716,2.6929133858267718,-132.0,0.0,0.0,0.0,-83.0,0.0,0.0,0.0,0.0,2024,3,March,2024-03,1,Sunday,Weekend,0.8298268374575626,0.033377642023601765,1.7802248684597621,82.60423264628484,False,False,False,False,False,False,False,False
2024-03-18,123.0,243.0,188.0,8333,283.0,123.0,283.0,-160.0,0.0,-160.0,0.7736625514403292,77.36625514403292,0.033961358454338175,3.3961358454338173,2.3008130081300813,230.0813008130081,2.3008130081300813,-65.0,0.0,0.0,0.0,-95.0,0.0,0.0,0.0,0.0,2024,3,March,2024-03,1,Monday,Weekday,0.8298379297118413,0.03333469843083799,1.8681863163457486,82.59674842499346,False,False,False,False,False,False,False,False
2024-03-19,99.0,202.0,256.0,8390,197.0,99.0,197.0,-98.0,0.0,-98.0,1.2673267326732673,126.73267326732673,0.023480333730631704,2.34803337306317,1.9898989898989898,198.989898989899,1.9898989898989898,-157.0,0.0,0.0,0.0,59.0,59.0,0.23046875,23.046875,59.0,2024,3,March,2024-03,1,Tuesday,Weekday,0.8843318107769665,0.030574077232253197,1.872006472797484,82.56573770370856,False,False,False,False,False,False,False,False
2024-03-20,91.0,181.0,174.0,8365,227.0,91.0,227.0,-136.0,0.0,-136.0,0.9613259668508287,96.13259668508287,0.02713687985654513,2.713687985654513,2.4945054945054945,249.45054945054946,2.4945054945054945,-83.0,0.0,0.0,0.0,-53.0,0.0,0.0,0.0,0.0,2024,3,March,2024-03,1,Wednesday,Weekday,0.8983647720277652,0.030323463958036097,2.025314641354449,82.20256110269415,False,False,False,False,False,False,False,False
2024-03-21,132.0,261.0,141.0,8292,235.0,132.0,235.0,-103.0,0.0,-103.0,0.5402298850574713,54.02298850574713,0.028340569223347805,2.8340569223347805,1.7803030303030303,178.03030303030303,1.7803030303030303,-9.0,0.0,0.0,0.0,-94.0,0.0,0.0,0.0,0.0,2024,3,March,2024-03,1,Thursday,Weekday,0.8346269616326712,0.03093113836785281,2.0820555195238986,83.59519505741899,False,False,False,False,False,False,False,False
2024-03-24,124.0,264.0,221.0,7899,373.0,124.0,373.0,-249.0,0.0,-249.0,0.8371212121212122,83.71212121212122,0.04722116723635903,4.722116723635903,3.0080645161290325,300.80645161290323,3.0080645161290325,-97.0,0.0,0.0,0.0,-152.0,0.0,0.0,0.0,0.0,2024,3,March,2024-03,1,Sunday,Weekend,0.887575642374648,0.03380550821635281,2.304852614901639,80.27643682681612,False,False,False,False,False,False,False,False
2024-03-25,128.0,242.0,224.0,7899,229.0,128.0,229.0,-101.0,0.0,-101.0,0.9256198347107438,92.56198347107438,0.028991011520445625,2.8991011520445626,1.7890625,178.90625,1.7890625,-96.0,0.0,0.0,0.0,-5.0,0.0,0.0,0.0,0.0,2024,3,March,2024-03,1,Monday,Weekday,0.9002057184296712,0.032853842154909864,2.2936515606847716,79.56206407635774,False,False,False,False,False,False,False,False
2024-03-26,187.0,276.0,200.0,7919,208.0,187.0,208.0,-21.0,0.0,-21.0,0.7246376811594203,72.46376811594203,0.02626594266952898,2.6265942669528983,1.1122994652406417,111.22994652406418,1.1122994652406417,-13.0,0.0,0.0,0.0,-8.0,0.0,0.0,0.0,0.0,2024,3,March,2024-03,1,Tuesday,Weekday,0.861417694859039,0.030771037527313777,2.06784957202961,79.52669340793376,False,False,False,False,False,False,False,False
2024-03-27,129.0,287.0,185.0,7893,215.0,129.0,215.0,-86.0,0.0,-86.0,0.6445993031358885,64.45993031358886,0.027239325985050043,2.7239325985050042,1.6666666666666667,166.66666666666669,1.6666666666666667,-56.0,0.0,0.0,0.0,-30.0,0.0,0.0,0.0,0.0,2024,3,March,2024-03,1,Wednesday,Weekday,0.8429800879584046,0.02981074717455833,1.9772572375348365,79.09764517230893,False,False,False,False,False,False,False,False
2024-03-28,161.0,288.0,248.0,7762,360.0,161.0,360.0,-199.0,0.0,-199.0,0.8611111111111112,86.11111111111111,0.04637979902087091,4.637979902087091,2.2360248447204967,223.60248447204967,2.2360248447204967,-87.0,0.0,0.0,0.0,-112.0,0.0,0.0,0.0,0.0,2024,3,March,2024-03,1,Thursday,Weekday,0.7849492848780966,0.03308209935887822,2.012418073937909,77.84471275347765,False,False,False,False,False,False,False,False
2024-03-31,105.0,254.0,151.0,7257,287.0,105.0,287.0,-182.0,0.0,-182.0,0.594488188976378,59.4488188976378,0.03954802259887006,3.954802259887006,2.7333333333333334,273.3333333333333,2.7333333333333334,-46.0,0.0,0.0,0.0,-136.0,0.0,0.0,0.0,0.0,2024,3,March,2024-03,1,Sunday,Weekend,0.7325438880388894,0.03485511975063892,2.0465363366276,78.9792584972934,False,False,False,False,False,False,False,False
2024-04-01,109.0,235.0,171.0,7271,172.0,109.0,172.0,-63.0,0.0,-63.0,0.7276595744680852,72.76595744680851,0.023655618209324714,2.3655618209324714,1.5779816513761469,157.7981651376147,1.5779816513761469,-62.0,0.0,0.0,0.0,-1.0,0.0,0.0,0.0,0.0,2024,4,April,2024-04,2,Monday,Weekday,0.7593195579546913,0.03418584103434991,2.017633282495188,77.4236562030964,False,False,False,False,False,False,False,False
2024-04-02,101.0,230.0,175.0,7340,132.0,101.0,132.0,-31.0,0.0,-31.0,0.7608695652173914,76.08695652173914,0.017983651226158037,1.7983651226158037,1.306930693069307,130.6930693069307,1.306930693069307,-74.0,0.0,0.0,0.0,43.0,43.0,0.24571428571428572,24.571428571428573,43.0,2024,4,April,2024-04,2,Tuesday,Weekday,0.7484264655398597,0.030009053032892623,1.7746141649152276,75.53724479509788,False,False,False,False,False,False,False,False
2024-04-03,124.0,230.0,190.0,7346,163.0,124.0,163.0,-39.0,0.0,-39.0,0.8260869565217391,82.6086956521739,0.02218894636536891,2.218894636536891,1.314516129032258,131.4516129032258,1.314516129032258,-66.0,0.0,0.0,0.0,27.0,27.0,0.14210526315789473,14.210526315789473,27.0,2024,4,April,2024-04,2,Wednesday,Weekday,0.7342074829414305,0.029037329439310235,1.7068218262055501,74.06681071325721,False,False,False,False,False,False,False,False
2024-04-04,95.0,226.0,152.0,7317,225.0,95.0,225.0,-130.0,0.0,-130.0,0.672566371681416,67.2566371681416,0.03075030750307503,3.075030750307503,2.3684210526315788,236.84210526315786,2.3684210526315788,-57.0,0.0,0.0,0.0,-73.0,0.0,0.0,0.0,0.0,2024,4,April,2024-04,2,Thursday,Weekday,0.7267687244445727,0.02967795298695967,1.886267767261398,74.60104880439596,False,False,False,False,False,False,False,False
2024-04-07,106.0,239.0,233.0,6982,279.0,106.0,279.0,-173.0,0.0,-173.0,0.9748953974895398,97.48953974895397,0.039959896877685475,3.9959896877685477,2.6320754716981134,263.20754716981133,2.6320754716981134,-127.0,0.0,0.0,0.0,-46.0,0.0,0.0,0.0,0.0,2024,4,April,2024-04,2,Sunday,Weekend,0.7739538807808087,0.0314951774001933,2.0241833108373193,74.61010712997556,False,False,False,False,False,False,False,False
2024-04-08,102.0,230.0,167.0,6988,199.0,102.0,199.0,-97.0,0.0,-97.0,0.7260869565217392,72.60869565217392,0.02847738981110475,2.847738981110475,1.9509803921568627,195.09803921568627,1.9509803921568627,-65.0,0.0,0.0,0.0,-32.0,0.0,0.0,0.0,0.0,2024,4,April,2024-04,2,Monday,Weekday,0.7546647158394697,0.028937690370226716,1.9834626747567998,77.34626865861686,False,False,False,False,False,False,False,False
2024-04-09,118.0,231.0,217.0,7043,130.0,118.0,130.0,-12.0,0.0,-12.0,0.9393939393939394,93.93939393939394,0.018458043447394577,1.8458043447394576,1.1016949152542372,110.16949152542372,1.1016949152542372,-99.0,0.0,0.0,0.0,87.0,87.0,0.4009216589861751,40.09216589861751,87.0,2024,4,April,2024-04,2,Tuesday,Weekday,0.8039369658991214,0.025924836205730214,1.750371472174072,76.87979878019456,False,False,False,False,False,False,False,False
2024-04-10,117.0,244.0,142.0,6999,227.0,117.0,227.0,-110.0,0.0,-110.0,0.5819672131147541,58.19672131147541,0.03243320474353479,3.243320474353479,1.9401709401709402,194.01709401709402,1.9401709401709402,-25.0,0.0,0.0,0.0,-85.0,0.0,0.0,0.0,0.0,2024,4,April,2024-04,2,Wednesday,Weekday,0.7831237714200742,0.027178777139188794,1.8021127991447567,77.10200215803086,False,False,False,False,False,False,False,False
2024-04-11,183.0,221.0,220.0,6912,285.0,183.0,285.0,-102.0,0.0,-102.0,0.995475113122172,99.5475113122172,0.04123263888888889,4.123263888888888,1.5573770491803278,155.7377049180328,1.5573770491803278,-37.0,0.0,0.0,0.0,-65.0,0.0,0.0,0.0,0.0,2024,4,April,2024-04,2,Thursday,Weekday,0.8166388496921856,0.03050006109100749,1.8378908500177595,78.3405517404426,False,False,False,False,False,False,False,False
2024-04-14,128.0,245.0,243.0,6630,290.0,128.0,290.0,-162.0,0.0,-162.0,0.9918367346938776,99.18367346938776,0.043740573152337855,4.374057315233785,2.265625,226.5625,2.265625,-115.0,0.0,0.0,0.0,-47.0,0.0,0.0,0.0,0.0,2024,4,April,2024-04,2,Sunday,Weekend,0.8403173894310625,0.03357886491771734,1.9737635458702942,79.20141661230288,False,False,False,False,False,False,False,False
2024-04-15,144.0,303.0,176.0,6681,191.0,144.0,191.0,-47.0,0.0,-47.0,0.5808580858085809,58.08580858085809,0.028588534650501422,2.8588534650501423,1.3263888888888888,132.63888888888889,1.3263888888888888,-32.0,0.0,0.0,0.0,-15.0,0.0,0.0,0.0,0.0,2024,4,April,2024-04,2,Monday,Weekday,0.8272162057349434,0.033270040224492536,1.824901808192767,78.76413202111434,False,False,False,False,False,False,False,False
2024-04-16,219.0,392.0,205.0,6685,163.0,219.0,163.0,56.0,56.0,0.0,0.5229591836734694,52.295918367346935,0.0243829468960359,2.43829468960359,0.7442922374429224,74.42922374429224,0.7442922374429224,14.0,14.0,0.0639269406392694,6.392694063926941,42.0,42.0,0.2048780487804878,20.48780487804878,56.0,2024,4,April,2024-04,2,Tuesday,Weekday,0.7626538894755045,0.031044761655685454,1.5552184890134542,77.59104677168057,False,False,False,False,False,False,False,False
2024-04-17,182.0,371.0,274.0,6725,227.0,182.0,227.0,-45.0,0.0,-45.0,0.738544474393531,73.8544474393531,0.0337546468401487,3.37546468401487,1.2472527472527473,124.72527472527473,1.2472527472527473,-92.0,0.0,0.0,0.0,47.0,47.0,0.17153284671532848,17.153284671532848,47.0,2024,4,April,2024-04,2,Wednesday,Weekday,0.7644335348857607,0.03179865551697745,1.4546859683128663,78.0629952904712,False,False,False,False,False,False,False,False
2024-04-18,144.0,322.0,258.0,6728,260.0,144.0,260.0,-116.0,0.0,-116.0,0.8012422360248447,80.12422360248446,0.03864447086801427,3.864447086801427,1.8055555555555556,180.55555555555557,1.8055555555555556,-114.0,0.0,0.0,0.0,-2.0,0.0,0.0,0.0,0.0,2024,4,April,2024-04,2,Thursday,Weekday,0.7446975772616042,0.034682430862780264,1.5552374883559117,83.30693918824595,False,False,False,False,False,False,False,False
2024-04-21,208.0,380.0,343.0,6745,240.0,208.0,240.0,-32.0,0.0,-32.0,0.9026315789473685,90.26315789473685,0.03558191252779837,3.558191252779837,1.1538461538461537,115.38461538461537,1.1538461538461537,-135.0,0.0,0.0,0.0,103.0,103.0,0.30029154518950435,30.029154518950435,103.0,2024,4,April,2024-04,2,Sunday,Weekend,0.7905067723805492,0.0351322462605322,1.4429053760237995,83.62105078001308,False,False,False,False,False,False,False,False
2024-04-22,176.0,424.0,251.0,6799,214.0,176.0,214.0,-38.0,0.0,-38.0,0.5919811320754716,59.198113207547166,0.031475216943668186,3.1475216943668185,1.2159090909090908,121.59090909090908,1.2159090909090908,-75.0,0.0,0.0,0.0,37.0,37.0,0.14741035856573706,14.741035856573706,37.0,2024,4,April,2024-04,2,Monday,Weekday,0.7328647750881634,0.033738328839786384,1.3941242391279085,84.03010165400738,False,False,False,False,False,False,False,False
2024-04-23,252.0,427.0,307.0,6967,134.0,252.0,134.0,118.0,118.0,0.0,0.7189695550351288,71.89695550351288,0.019233529496196354,1.9233529496196353,0.5317460317460317,53.17460317460318,0.5317460317460317,-55.0,0.0,0.0,0.0,173.0,173.0,0.5635179153094463,56.35179153094463,173.0,2024,4,April,2024-04,2,Tuesday,Weekday,0.6938837494226278,0.030237322603194745,1.1464272436630558,81.80934464930604,False,False,False,False,False,False,False,False
2024-04-24,253.0,411.0,307.0,7128,154.0,253.0,154.0,99.0,99.0,0.0,0.7469586374695864,74.69586374695864,0.021604938271604937,2.1604938271604937,0.6086956521739131,60.86956521739131,0.6086956521739131,-54.0,0.0,0.0,0.0,153.0,153.0,0.498371335504886,49.8371335504886,153.0,2024,4,April,2024-04,2,Wednesday,Weekday,0.7176123996599143,0.029239665977638104,1.0438996384180592,79.62088671592689,False,False,False,False,False,False,False,False
2024-04-25,145.0,357.0,333.0,7209,217.0,145.0,217.0,-72.0,0.0,-72.0,0.9327731092436975,93.27731092436974,0.03010126231100014,3.010126231100014,1.4965517241379311,149.6551724137931,1.4965517241379311,-188.0,0.0,0.0,0.0,116.0,116.0,0.3483483483483483,34.83483483483483,116.0,2024,4,April,2024-04,2,Thursday,Weekday,0.7761572461699469,0.03005656817977585,1.1513652793744893,80.73737781709028,False,False,False,False,False,False,False,False
2024-04-28,158.0,349.0,365.0,7298,250.0,158.0,250.0,-92.0,0.0,-92.0,1.0458452722063036,104.58452722063036,0.034255960537133465,3.4255960537133463,1.5822784810126582,158.22784810126583,1.5822784810126582,-207.0,0.0,0.0,0.0,115.0,115.0,0.3150684931506849,31.506849315068493,115.0,2024,4,April,2024-04,2,Sunday,Weekend,0.8200573601432001,0.030128184422202244,1.1992260984830476,80.67606350053762,False,False,False,False,False,False,False,False
2024-04-29,140.0,292.0,255.0,7373,187.0,140.0,187.0,-47.0,0.0,-47.0,0.8732876712328768,87.32876712328768,0.025362810253628104,2.5362810253628103,1.3357142857142856,133.57142857142856,1.3357142857142856,-115.0,0.0,0.0,0.0,68.0,68.0,0.26666666666666666,26.666666666666668,68.0,2024,4,April,2024-04,2,Monday,Weekday,0.830349565172919,0.028230804334432796,1.132105917077152,81.77722152964218,False,False,False,False,False,False,False,False
2024-04-30,220.0,443.0,194.0,7431,135.0,220.0,135.0,85.0,85.0,0.0,0.43792325056433407,43.792325056433405,0.018167137666532097,1.8167137666532096,0.6136363636363636,61.36363636363637,0.6136363636363636,26.0,26.0,0.11818181818181818,11.818181818181818,59.0,59.0,0.30412371134020616,30.412371134020617,85.0,2024,4,April,2024-04,2,Tuesday,Weekday,0.7639626611181998,0.025742979354251898,1.054933089904325,80.23267450574404,True,False,True,False,True,False,True,False
2024-05-01,197.0,437.0,295.0,7508,190.0,197.0,190.0,7.0,7.0,0.0,0.6750572082379863,67.50572082379863,0.02530633990410229,2.530633990410229,0.9644670050761421,96.44670050761421,0.9644670050761421,-98.0,0.0,0.0,0.0,105.0,105.0,0.3559322033898305,35.59322033898305,105.0,2024,5,May,2024-05,2,Wednesday,Weekday,0.7758306719985592,0.024861711205742487,1.0190127919281895,81.03030663918615,False,False,False,False,False,False,False,False
2024-05-02,206.0,411.0,293.0,7577,194.0,206.0,194.0,12.0,12.0,0.0,0.7128953771289538,71.28953771289538,0.02560380097663983,2.560380097663983,0.941747572815534,94.1747572815534,0.941747572815534,-87.0,0.0,0.0,0.0,99.0,99.0,0.3378839590443686,33.78839590443686,99.0,2024,5,May,2024-05,2,Thursday,Weekday,0.7749629322976769,0.025771749988662978,1.077584440652404,83.03583069593248,False,False,False,False,False,False,False,False
2024-05-05,150.0,315.0,228.0,7447,332.0,150.0,332.0,-182.0,0.0,-182.0,0.7238095238095238,72.38095238095238,0.044581710756009134,4.458171075600913,2.2133333333333334,221.33333333333334,2.2133333333333334,-78.0,0.0,0.0,0.0,-104.0,0.0,0.0,0.0,0.0,2024,5,May,2024-05,2,Sunday,Weekend,0.7716559160605252,0.029054146057863578,1.30681839510375,77.49057777759647,False,False,False,False,False,False,False,False
2024-05-06,173.0,337.0,211.0,7449,205.0,173.0,205.0,-32.0,0.0,-32.0,0.6261127596439169,62.61127596439169,0.02752047254665056,2.752047254665056,1.1849710982658959,118.4971098265896,1.1849710982658959,-38.0,0.0,0.0,0.0,6.0,6.0,0.02843601895734597,2.843601895734597,6.0,2024,5,May,2024-05,2,Monday,Weekday,0.7278472946891279,0.02868546180581364,1.2623068771220305,77.26078982727338,False,False,False,False,False,False,False,False
2024-05-07,176.0,334.0,246.0,7566,163.0,176.0,163.0,13.0,13.0,0.0,0.7365269461077845,73.65269461077844,0.02154374834787206,2.154374834787206,0.9261363636363636,92.61363636363636,0.9261363636363636,-70.0,0.0,0.0,0.0,83.0,83.0,0.33739837398373984,33.739837398373986,83.0,2024,5,May,2024-05,2,Tuesday,Weekday,0.6836589623893394,0.02686943149306201,1.1685722889254169,76.15772875012641,False,False,False,False,False,False,False,False
2024-05-08,167.0,374.0,205.0,7583,202.0,167.0,202.0,-35.0,0.0,-35.0,0.5481283422459893,54.81283422459893,0.02663853356191481,2.663853356191481,1.2095808383233533,120.95808383233533,1.2095808383233533,-38.0,0.0,0.0,0.0,3.0,3.0,0.014634146341463415,1.4634146341463417,3.0,2024,5,May,2024-05,2,Wednesday,Weekday,0.6372076296769269,0.02705167767996011,1.1505532250124266,76.33255173882017,False,False,False,False,False,False,False,False
2024-05-09,138.0,285.0,268.0,7570,244.0,138.0,244.0,-106.0,0.0,-106.0,0.9403508771929825,94.03508771929825,0.03223249669749009,3.223249669749009,1.7681159420289856,176.81159420289856,1.7681159420289856,-130.0,0.0,0.0,0.0,24.0,24.0,0.08955223880597014,8.955223880597014,24.0,2024,5,May,2024-05,2,Thursday,Weekday,0.708983004909591,0.029061014684382682,1.3154788790685152,79.38410578650313,False,False,False,False,False,False,False,False
2024-05-12,138.0,301.0,263.0,7464,245.0,138.0,245.0,-107.0,0.0,-107.0,0.8737541528239202,87.37541528239203,0.03282422293676313,3.2824222936763134,1.7753623188405796,177.53623188405797,1.7753623188405796,-125.0,0.0,0.0,0.0,18.0,18.0,0.06844106463878327,6.844106463878327,18.0,2024,5,May,2024-05,2,Sunday,Weekend,0.7373682827075816,0.0301349979747628,1.4313210667491494,80.16094467142173,False,False,False,False,False,False,False,False
2024-05-13,112.0,331.0,167.0,7499,157.0,112.0,157.0,-45.0,0.0,-45.0,0.5045317220543807,50.453172205438065,0.02093612481664222,2.093612481664222,1.4017857142857142,140.17857142857142,1.4017857142857142,-55.0,0.0,0.0,0.0,10.0,10.0,0.059880239520958084,5.9880239520958085,10.0,2024,5,May,2024-05,2,Monday,Weekday,0.7076020462683569,0.02946818709476314,1.4970408012448893,78.41653564290914,False,False,False,False,False,False,False,False
2024-05-14,246.0,419.0,218.0,7546,186.0,246.0,186.0,60.0,60.0,0.0,0.5202863961813843,52.02863961813843,0.024648820567187913,2.4648820567187912,0.7560975609756098,75.60975609756098,0.7560975609756098,28.0,28.0,0.11382113821138211,11.38211382113821,32.0,32.0,0.14678899082568808,14.678899082568808,60.0,2024,5,May,2024-05,2,Tuesday,Weekday,0.6785273137500513,0.026620631353502972,1.288864262336643,84.98314456660479,False,False,False,False,False,False,False,False
2024-05-15,115.0,285.0,341.0,7589,265.0,115.0,265.0,-150.0,0.0,-150.0,1.1964912280701754,119.64912280701753,0.03491896165502701,3.491896165502701,2.3043478260869565,230.43478260869566,2.3043478260869565,-226.0,0.0,0.0,0.0,76.0,76.0,0.22287390029325513,22.28739002932551,76.0,2024,5,May,2024-05,2,Wednesday,Weekday,0.7600099520966596,0.027677558368985316,1.4487752234539375,82.99347000977055,False,False,False,False,False,False,False,False
2024-05-16,206.0,340.0,214.0,7565,234.0,206.0,234.0,-28.0,0.0,-28.0,0.6294117647058823,62.94117647058823,0.030931923331130203,3.0931923331130204,1.1359223300970873,113.59223300970874,1.1359223300970873,-8.0,0.0,0.0,0.0,-20.0,0.0,0.0,0.0,0.0,2024,5,May,2024-05,2,Thursday,Weekday,0.7447077833249592,0.029018726223736486,1.4787446472340409,85.16226001087948,False,False,False,False,False,False,False,False
2024-05-19,143.0,295.0,278.0,7356,298.0,143.0,298.0,-155.0,0.0,-155.0,0.9423728813559322,94.23728813559322,0.04051114736269712,4.051114736269712,2.0839160839160837,208.39160839160837,2.0839160839160837,-135.0,0.0,0.0,0.0,-20.0,0.0,0.0,0.0,0.0,2024,5,May,2024-05,2,Sunday,Weekend,0.8010284317692369,0.031000528195276815,1.6036496823187165,82.7011422983485,False,False,False,False,False,False,False,False
2024-05-20,111.0,268.0,217.0,7368,192.0,111.0,192.0,-81.0,0.0,-81.0,0.8097014925373134,80.97014925373134,0.026058631921824105,2.6058631921824107,1.7297297297297298,172.97297297297297,1.7297297297297298,-106.0,0.0,0.0,0.0,25.0,25.0,0.1152073732718894,11.52073732718894,25.0,2024,5,May,2024-05,2,Monday,Weekday,0.7823642339612841,0.03011854751303882,1.5981659377045374,81.79132354715834,False,False,False,False,False,False,False,False
2024-05-21,196.0,348.0,176.0,7404,145.0,196.0,145.0,51.0,51.0,0.0,0.5057471264367817,50.57471264367817,0.01958400864397623,1.958400864397623,0.7397959183673469,73.9795918367347,0.7397959183673469,20.0,20.0,0.10204081632653061,10.204081632653061,31.0,31.0,0.17613636363636365,17.613636363636363,51.0,2024,5,May,2024-05,2,Tuesday,Weekday,0.7297918016202642,0.02822708832835497,1.4502278804940754,78.74361551195186,False,False,False,False,False,False,False,False
2024-05-22,168.0,349.0,272.0,7474,208.0,168.0,208.0,-40.0,0.0,-40.0,0.7793696275071633,77.93696275071633,0.02782981000802783,2.7829810008027827,1.2380952380952381,123.80952380952381,1.2380952380952381,-104.0,0.0,0.0,0.0,64.0,64.0,0.23529411764705882,23.52941176470588,64.0,2024,5,May,2024-05,2,Wednesday,Weekday,0.7690543595420903,0.029211900498552917,1.426843526752579,80.81418618967643,False,False,False,False,False,False,False,False
2024-05-23,193.0,272.0,314.0,7494,227.0,193.0,227.0,-34.0,0.0,-34.0,1.1544117647058822,115.44117647058823,0.03029089938617561,3.029089938617561,1.1761658031088082,117.61658031088082,1.1761658031088082,-121.0,0.0,0.0,0.0,87.0,87.0,0.2770700636942675,27.70700636942675,87.0,2024,5,May,2024-05,2,Thursday,Weekday,0.8596436979027329,0.0300179117584083,1.4868532756287502,81.89133304599899,False,False,False,False,False,False,False,False
2024-05-27,156.0,344.0,252.0,7365,167.0,156.0,167.0,-11.0,0.0,-11.0,0.7325581395348837,73.25581395348837,0.02267481330617787,2.267481330617787,1.0705128205128205,107.05128205128204,1.0705128205128205,-96.0,0.0,0.0,0.0,85.0,85.0,0.3373015873015873,33.730158730158735,85.0,2024,5,May,2024-05,2,Monday,Weekday,0.7933675423976912,0.02826874770857271,1.310591131975302,80.73950382628583,False,False,False,False,False,False,False,False
2024-05-28,153.0,348.0,239.0,7418,151.0,153.0,151.0,2.0,2.0,0.0,0.6867816091954023,68.67816091954023,0.020355891075761662,2.035589107576166,0.9869281045751634,98.69281045751634,0.9869281045751634,-86.0,0.0,0.0,0.0,88.0,88.0,0.3682008368200837,36.82008368200837,88.0,2024,5,May,2024-05,2,Tuesday,Weekday,0.8015632344676227,0.026757885957805778,1.289306242615027,78.76096135004676,False,False,False,False,False,False,False,False
2024-05-29,182.0,462.0,158.0,7491,141.0,182.0,141.0,41.0,41.0,0.0,0.341991341991342,34.1991341991342,0.01882258710452543,1.8822587104525432,0.7747252747252747,77.47252747252747,0.7747252747252747,24.0,24.0,0.13186813186813187,13.186813186813188,17.0,17.0,0.10759493670886076,10.759493670886076,41.0,2024,5,May,2024-05,2,Wednesday,Weekday,0.7157944431298241,0.02365952020663839,1.1022789841591973,84.15804798695629,True,False,True,False,True,False,True,False
2024-05-30,167.0,406.0,339.0,7563,190.0,167.0,190.0,-23.0,0.0,-23.0,0.8349753694581281,83.49753694581281,0.025122305963242098,2.5122305963242098,1.1377245508982037,113.77245508982037,1.1377245508982037,-172.0,0.0,0.0,0.0,149.0,149.0,0.43952802359882004,43.95280235988201,149.0,2024,5,May,2024-05,2,Thursday,Weekday,0.7194049969756549,0.02352575935541239,1.0177068157546938,84.29489709390094,False,False,False,False,False,False,False,False
2024-06-02,159.0,330.0,322.0,7546,306.0,159.0,306.0,-147.0,0.0,-147.0,0.9757575757575757,97.57575757575758,0.040551285449244634,4.055128544924464,1.9245283018867925,192.45283018867926,1.9245283018867925,-163.0,0.0,0.0,0.0,16.0,16.0,0.049689440993788817,4.968944099378882,16.0,2024,6,June,2024-06,2,Sunday,Weekend,0.7865493468786253,0.026521084613307877,1.1869542991146145,78.23049156478133,False,False,False,False,False,False,False,False
2024-06-03,109.0,244.0,257.0,7596,224.0,109.0,224.0,-115.0,0.0,-115.0,1.0532786885245902,105.32786885245902,0.02948920484465508,2.948920484465508,2.055045871559633,205.50458715596332,2.055045871559633,-148.0,0.0,0.0,0.0,33.0,33.0,0.12840466926070038,12.840466926070038,33.0,2024,6,June,2024-06,2,Monday,Weekday,0.8256792127382578,0.026758141018540342,1.303661532466671,78.20912743646436,False,False,False,False,False,False,False,False
2024-06-04,260.0,356.0,176.0,7565,203.0,260.0,203.0,57.0,57.0,0.0,0.4943820224719101,49.43820224719101,0.02683410442828817,2.683410442828817,0.7807692307692308,78.07692307692308,0.7807692307692308,84.0,84.0,0.3230769230769231,32.30769230769231,-27.0,0.0,0.0,0.0,84.0,2024,6,June,2024-06,2,Tuesday,Weekday,0.7313892495619759,0.026264313167413563,1.2471763078467313,78.26190330914346,True,False,True,False,True,False,True,False
2024-06-05,173.0,345.0,291.0,7691,198.0,173.0,198.0,-25.0,0.0,-25.0,0.8434782608695652,84.34782608695653,0.025744376544012484,2.5744376544012484,1.1445086705202312,114.45086705202311,1.1445086705202312,-118.0,0.0,0.0,0.0,93.0,93.0,0.31958762886597936,31.958762886597935,93.0,2024,6,June,2024-06,2,Wednesday,Weekday,0.7472349811812162,0.026702822201389937,1.2577471435620757,78.91657831224286,False,False,False,False,False,False,False,False
2024-06-06,179.0,326.0,282.0,7741,238.0,179.0,238.0,-59.0,0.0,-59.0,0.8650306748466258,86.50306748466258,0.030745381733626148,3.074538173362615,1.329608938547486,132.9608938547486,1.329608938547486,-103.0,0.0,0.0,0.0,44.0,44.0,0.15602836879432624,15.602836879432624,44.0,2024,6,June,2024-06,2,Thursday,Weekday,0.7726991334171053,0.028187035152513435,1.3067015484152644,80.89184192766656,False,False,False,False,False,False,False,False
2024-06-09,116.0,289.0,166.0,7451,312.0,116.0,312.0,-196.0,0.0,-196.0,0.5743944636678201,57.43944636678201,0.041873574016910484,4.187357401691048,2.689655172413793,268.9655172413793,2.689655172413793,-50.0,0.0,0.0,0.0,-146.0,0.0,0.0,0.0,0.0,2024,6,June,2024-06,2,Sunday,Weekend,0.8058995793708877,0.031480033282854154,1.5802629623707674,81.9176265189672,False,False,False,False,False,False,False,False
2024-06-10,184.0,334.0,229.0,7439,212.0,184.0,212.0,-28.0,0.0,-28.0,0.6856287425149701,68.562874251497,0.02849845409329211,2.849845409329211,1.1521739130434783,115.21739130434783,1.1521739130434783,-45.0,0.0,0.0,0.0,17.0,17.0,0.07423580786026202,7.423580786026202,17.0,2024,6,June,2024-06,2,Monday,Weekday,0.7845643469504368,0.03196234015857559,1.5823271569629493,83.01592342149917,False,False,False,False,False,False,False,False
2024-06-11,186.0,352.0,224.0,7493,156.0,186.0,156.0,30.0,30.0,0.0,0.6363636363636364,63.63636363636363,0.020819431469371413,2.0819431469371414,0.8387096774193549,83.87096774193549,0.8387096774193549,-38.0,0.0,0.0,0.0,68.0,68.0,0.30357142857142855,30.357142857142854,68.0,2024,6,June,2024-06,2,Tuesday,Weekday,0.7360794984655882,0.029143503875736554,1.427210210610458,81.827749098302,False,False,False,False,False,False,False,False
2024-06-12,152.0,266.0,274.0,7548,212.0,152.0,212.0,-60.0,0.0,-60.0,1.0300751879699248,103.00751879699249,0.028086910439851617,2.808691043985162,1.394736842105263,139.4736842105263,1.394736842105263,-122.0,0.0,0.0,0.0,62.0,62.0,0.22627737226277372,22.62773722627737,62.0,2024,6,June,2024-06,2,Wednesday,Weekday,0.7327647126720647,0.028943176103621775,1.332880349259834,81.70370529762674,False,False,False,False,False,False,False,False
2024-06-13,167.0,293.0,230.0,7544,259.0,167.0,259.0,-92.0,0.0,-92.0,0.7849829351535836,78.49829351535837,0.03433191940615058,3.433191940615058,1.5508982035928143,155.08982035928142,1.5508982035928143,-63.0,0.0,0.0,0.0,-29.0,0.0,0.0,0.0,0.0,2024,6,June,2024-06,2,Thursday,Weekday,0.7742791287694465,0.03001429252903069,1.4428987739489172,81.77123524435538,False,False,False,False,False,False,False,False
2024-06-16,204.0,315.0,233.0,7307,294.0,204.0,294.0,-90.0,0.0,-90.0,0.7396825396825397,73.96825396825398,0.04023539072122622,4.023539072122622,1.4411764705882353,144.11764705882354,1.4411764705882353,-29.0,0.0,0.0,0.0,-61.0,0.0,0.0,0.0,0.0,2024,6,June,2024-06,2,Sunday,Weekend,0.7594511685998714,0.032084437411489794,1.4852798882443463,81.34477115377811,False,False,False,False,False,False,False,False
2024-06-17,159.0,310.0,272.0,7318,224.0,159.0,224.0,-65.0,0.0,-65.0,0.8774193548387097,87.74193548387098,0.030609456135556164,3.0609456135556163,1.4088050314465408,140.88050314465409,1.4088050314465408,-113.0,0.0,0.0,0.0,48.0,48.0,0.17647058823529413,17.647058823529413,48.0,2024,6,June,2024-06,2,Monday,Weekday,0.7612209800273121,0.03206501946890837,1.4965936158013542,81.32671025275852,False,False,False,False,False,False,False,False
2024-06-18,160.0,297.0,253.0,7340,214.0,160.0,214.0,-54.0,0.0,-54.0,0.8518518518518519,85.18518518518519,0.029155313351498638,2.915531335149864,1.3375,133.75,1.3375,-93.0,0.0,0.0,0.0,39.0,39.0,0.1541501976284585,15.41501976284585,39.0,2024,6,June,2024-06,2,Tuesday,Weekday,0.8008577497678881,0.030248125088135246,1.3034285911708123,83.49934363485289,False,False,False,False,False,False,False,False
2024-06-19,204.0,321.0,246.0,7433,198.0,204.0,198.0,6.0,6.0,0.0,0.7663551401869159,76.63551401869158,0.026637965828064037,2.6637965828064036,0.9705882352941176,97.05882352941177,0.9705882352941176,-42.0,0.0,0.0,0.0,48.0,48.0,0.1951219512195122,19.51219512195122,48.0,2024,6,June,2024-06,2,Wednesday,Weekday,0.8123900922924516,0.029982341050245522,1.2774877800637607,83.07544179575359,False,False,False,False,False,False,False,False
2024-06-20,145.0,247.0,243.0,7431,235.0,145.0,235.0,-90.0,0.0,-90.0,0.9838056680161943,98.38056680161942,0.03162427667877809,3.1624276678778087,1.6206896551724137,162.06896551724137,1.6206896551724137,-98.0,0.0,0.0,0.0,8.0,8.0,0.03292181069958848,3.292181069958848,8.0,2024,6,June,2024-06,2,Thursday,Weekday,0.8620246682428172,0.031525890365875046,1.3891992054570552,87.31252199597678,False,False,False,False,False,False,False,False
2024-06-23,102.0,227.0,201.0,7247,294.0,102.0,294.0,-192.0,0.0,-192.0,0.8854625550660793,88.54625550660793,0.04056851110804471,4.0568511108044705,2.8823529411764706,288.2352941176471,2.8823529411764706,-99.0,0.0,0.0,0.0,-93.0,0.0,0.0,0.0,0.0,2024,6,June,2024-06,2,Sunday,Weekend,0.8413657206851248,0.03330897617561692,1.601715791038656,86.0964021052776,False,False,False,False,False,False,False,False
2024-06-24,116.0,175.0,172.0,7239,202.0,116.0,202.0,-86.0,0.0,-86.0,0.9828571428571429,98.28571428571429,0.027904406686006356,2.7904406686006356,1.7413793103448276,174.13793103448276,1.7413793103448276,-56.0,0.0,0.0,0.0,-30.0,0.0,0.0,0.0,0.0,2024,6,June,2024-06,2,Monday,Weekday,0.8696334646427762,0.03239076007273917,1.628927377717515,85.00561315658159,False,False,False,False,False,False,False,False
2024-06-25,172.0,263.0,191.0,7239,202.0,172.0,202.0,-30.0,0.0,-30.0,0.7262357414448669,72.6235741444867,0.027904406686006356,2.7904406686006356,1.1744186046511629,117.44186046511629,1.1744186046511629,-19.0,0.0,0.0,0.0,-11.0,0.0,0.0,0.0,0.0,2024,6,June,2024-06,2,Tuesday,Weekday,0.8677124934659659,0.03062919092485062,1.5908191111550762,86.68821379295761,False,False,False,False,False,False,False,False
2024-06-26,132.0,235.0,197.0,7268,187.0,132.0,187.0,-55.0,0.0,-55.0,0.8382978723404255,83.82978723404256,0.02572922399559714,2.572922399559714,1.4166666666666667,141.66666666666669,1.4166666666666667,-65.0,0.0,0.0,0.0,10.0,10.0,0.050761421319796954,5.0761421319796955,10.0,2024,6,June,2024-06,2,Wednesday,Weekday,0.8621237102519252,0.029932014904856474,1.5919422019008085,85.55095548629735,False,False,False,False,False,False,False,False
2024-06-27,174.0,208.0,256.0,7248,268.0,174.0,268.0,-94.0,0.0,-94.0,1.2307692307692308,123.07692307692308,0.0369757174392936,3.69757174392936,1.5402298850574712,154.02298850574712,1.5402298850574712,-82.0,0.0,0.0,0.0,-12.0,0.0,0.0,0.0,0.0,2024,6,June,2024-06,2,Thursday,Weekday,0.9162547643829794,0.03104921548882718,1.6209036140518758,84.53419558096498,False,False,False,False,False,False,False,False
2024-06-30,123.0,230.0,167.0,6874,273.0,123.0,273.0,-150.0,0.0,-150.0,0.7260869565217392,72.60869565217392,0.03971486761710794,3.971486761710794,2.2195121951219514,221.95121951219514,2.2195121951219514,-44.0,0.0,0.0,0.0,-106.0,0.0,0.0,0.0,0.0,2024,6,June,2024-06,2,Sunday,Weekend,0.9105021667165255,0.03291734431583346,1.7993213225987092,84.32003216982726,False,False,False,False,False,False,False,False
2024-07-01,123.0,233.0,159.0,6825,229.0,123.0,229.0,-106.0,0.0,-106.0,0.6824034334763949,68.24034334763948,0.03355311355311355,3.355311355311355,1.8617886178861789,186.1788617886179,1.8617886178861789,-36.0,0.0,0.0,0.0,-70.0,0.0,0.0,0.0,0.0,2024,7,July,2024-07,3,Monday,Weekday,0.8674447046394114,0.033192892440738524,1.8337640315578185,84.48267556309328,False,False,False,False,False,False,False,False
2024-07-02,141.0,232.0,188.0,6823,184.0,141.0,184.0,-43.0,0.0,-43.0,0.8103448275862069,81.03448275862068,0.026967609555913822,2.6967609555913823,1.3049645390070923,130.49645390070924,1.3049645390070923,-47.0,0.0,0.0,0.0,4.0,4.0,0.02127659574468085,2.127659574468085,4.0,2024,7,July,2024-07,3,Tuesday,Weekday,0.8567136007137154,0.031249906504719822,1.6084228312479074,85.05341785597585,False,False,False,False,False,False,False,False
2024-07-04,158.0,226.0,191.0,6790,225.0,158.0,225.0,-67.0,0.0,-67.0,0.8451327433628318,84.51327433628319,0.03313696612665685,3.313696612665685,1.4240506329113924,142.40506329113924,1.4240506329113924,-33.0,0.0,0.0,0.0,-34.0,0.0,0.0,0.0,0.0,2024,7,July,2024-07,3,Thursday,Weekday,0.8370386865002423,0.03199741499624132,1.563090163043131,85.75873179837279,False,False,False,False,False,False,False,False
2024-07-07,96.0,160.0,233.0,6599,213.0,96.0,213.0,-117.0,0.0,-117.0,1.45625,145.625,0.032277617820881954,3.227761782088195,2.21875,221.875,2.21875,-137.0,0.0,0.0,0.0,20.0,20.0,0.08583690987124463,8.583690987124463,20.0,2024,7,July,2024-07,3,Sunday,Weekend,0.9413264377224042,0.032622159444080694,1.712280362378679,86.71007993705881,False,False,False,False,False,False,False,False
2024-07-08,141.0,173.0,129.0,6617,123.0,141.0,123.0,18.0,18.0,0.0,0.7456647398843931,74.56647398843931,0.018588484207344717,1.8588484207344718,0.8723404255319149,87.2340425531915,0.8723404255319149,12.0,12.0,0.0851063829787234,8.51063829787234,6.0,6.0,0.046511627906976744,4.651162790697675,18.0,2024,7,July,2024-07,3,Monday,Weekday,0.9280931330858281,0.031602053760044636,1.6345194707880002,81.9132085935665,False,False,False,False,False,False,False,False
2024-07-09,116.0,181.0,182.0,6651,130.0,116.0,130.0,-14.0,0.0,-14.0,1.0055248618784531,100.55248618784532,0.019545932942414676,1.9545932942414677,1.1206896551724137,112.06896551724137,1.1206896551724137,-66.0,0.0,0.0,0.0,52.0,52.0,0.2857142857142857,28.57142857142857,52.0,2024,7,July,2024-07,3,Tuesday,Weekday,0.8959153661014313,0.029112084546204786,1.574585152232992,78.86464151308904,False,False,False,False,False,False,False,False
2024-07-10,150.0,157.0,201.0,6649,177.0,150.0,177.0,-27.0,0.0,-27.0,1.2802547770700636,128.02547770700636,0.02662054444277335,2.662054444277335,1.18,118.0,1.18,-51.0,0.0,0.0,0.0,24.0,24.0,0.11940298507462686,11.940298507462686,24.0,2024,7,July,2024-07,3,Wednesday,Weekday,0.9750821976083348,0.027241466949871274,1.426083410072713,81.33407838958833,False,False,False,False,False,False,False,False
2024-07-11,80.0,176.0,125.0,6640,197.0,80.0,197.0,-117.0,0.0,-117.0,0.7102272727272727,71.02272727272727,0.02966867469879518,2.966867469879518,2.4625,246.25,2.4625,-45.0,0.0,0.0,0.0,-72.0,0.0,0.0,0.0,0.0,2024,7,July,2024-07,3,Thursday,Weekday,0.9790570317870316,0.026686547113540075,1.511899321803259,82.27174406302728,False,False,False,False,False,False,False,False
2024-07-14,116.0,188.0,164.0,6308,237.0,116.0,237.0,-121.0,0.0,-121.0,0.8723404255319149,87.2340425531915,0.037571337983512997,3.7571337983513,2.043103448275862,204.31034482758622,2.043103448275862,-48.0,0.0,0.0,0.0,-73.0,0.0,0.0,0.0,0.0,2024,7,July,2024-07,3,Sunday,Weekend,0.9879135457792757,0.02820136546033996,1.617347737413083,79.93301714647272,False,False,False,False,False,False,False,False
2024-07-15,105.0,185.0,158.0,6283,171.0,105.0,171.0,-66.0,0.0,-66.0,0.8540540540540541,85.4054054054054,0.027216297946840683,2.7216297946840684,1.6285714285714286,162.85714285714286,1.6285714285714286,-53.0,0.0,0.0,0.0,-13.0,0.0,0.0,0.0,0.0,2024,7,July,2024-07,3,Monday,Weekday,0.9891880187351646,0.02735555572036622,1.6465649939359455,80.23827871061457,False,False,False,False,False,False,False,False
2024-07-16,136.0,246.0,123.0,6239,173.0,136.0,173.0,-37.0,0.0,-37.0,0.5,50.0,0.02772880269273922,2.772880269273922,1.2720588235294117,127.20588235294117,1.2720588235294117,13.0,13.0,0.09558823529411764,9.558823529411764,-50.0,0.0,0.0,0.0,13.0,2024,7,July,2024-07,3,Tuesday,Weekday,0.8525808758780217,0.026705724987774404,1.51132339729729,80.68236324471776,True,False,True,False,False,False,False,False
2024-07-17,128.0,228.0,177.0,6228,187.0,128.0,187.0,-59.0,0.0,-59.0,0.7763157894736842,77.63157894736842,0.030025690430314708,3.0025690430314707,1.4609375,146.09375,1.4609375,-49.0,0.0,0.0,0.0,-10.0,0.0,0.0,0.0,0.0,2024,7,July,2024-07,3,Wednesday,Weekday,0.8569595972479204,0.02833961159105583,1.5954086936498737,84.11903610310753,False,False,False,False,False,False,False,False
2024-07-21,90.0,196.0,205.0,6058,262.0,90.0,262.0,-172.0,0.0,-172.0,1.0459183673469388,104.59183673469387,0.04324859689666557,4.324859689666557,2.911111111111111,291.1111111111111,2.911111111111111,-115.0,0.0,0.0,0.0,-57.0,0.0,0.0,0.0,0.0,2024,7,July,2024-07,3,Sunday,Weekend,0.8627300980291326,0.0317257064416631,1.8511831873554019,83.48164260943449,False,False,False,False,False,False,False,False
2024-07-22,102.0,189.0,155.0,6002,234.0,102.0,234.0,-132.0,0.0,-132.0,0.8201058201058201,82.01058201058201,0.03898700433188937,3.898700433188937,2.2941176470588234,229.41176470588235,2.2941176470588234,-53.0,0.0,0.0,0.0,-79.0,0.0,0.0,0.0,0.0,2024,7,July,2024-07,3,Monday,Weekday,0.7969945327485265,0.033492343568679674,2.010342851220948,84.08091030424696,False,False,False,False,False,False,False,False
2024-07-23,120.0,257.0,126.0,5965,170.0,120.0,170.0,-50.0,0.0,-50.0,0.490272373540856,49.0272373540856,0.028499580888516344,2.8499580888516345,1.4166666666666667,141.66666666666669,1.4166666666666667,-6.0,0.0,0.0,0.0,-44.0,0.0,0.0,0.0,0.0,2024,7,July,2024-07,3,Tuesday,Weekday,0.7655724042933241,0.03332533016721127,1.8609380893161862,83.73623372762833,False,False,False,False,False,False,False,False
2024-07-24,137.0,272.0,166.0,5927,177.0,137.0,177.0,-40.0,0.0,-40.0,0.6102941176470589,61.029411764705884,0.02986333727011979,2.986333727011979,1.2919708029197081,129.19708029197082,1.2919708029197081,-29.0,0.0,0.0,0.0,-11.0,0.0,0.0,0.0,0.0,2024,7,July,2024-07,3,Wednesday,Weekday,0.7281372174526304,0.0322241872081551,1.7536334256938784,83.68402951764195,False,False,False,False,False,False,False,False
2024-07-25,93.0,198.0,208.0,5954,194.0,93.0,194.0,-101.0,0.0,-101.0,1.0505050505050506,105.05050505050507,0.03258313738663084,3.258313738663084,2.086021505376344,208.6021505376344,2.086021505376344,-115.0,0.0,0.0,0.0,14.0,14.0,0.0673076923076923,6.730769230769231,14.0,2024,7,July,2024-07,3,Thursday,Weekday,0.7562016455170584,0.032990878556696544,1.8189834366660094,84.86281213236853,False,False,False,False,False,False,False,False
2024-07-28,152.0,290.0,199.0,5743,207.0,152.0,207.0,-55.0,0.0,-55.0,0.6862068965517242,68.62068965517241,0.03604387950548494,3.604387950548494,1.361842105263158,136.1842105263158,1.361842105263158,-47.0,0.0,0.0,0.0,-8.0,0.0,0.0,0.0,0.0,2024,7,July,2024-07,3,Sunday,Weekend,0.7828026307387332,0.03417874667280308,1.8318096197708302,86.20370658566137,False,False,False,False,False,False,False,False
2024-07-29,114.0,210.0,219.0,5819,163.0,114.0,163.0,-49.0,0.0,-49.0,1.042857142857143,104.28571428571429,0.028011685856676405,2.8011685856676403,1.4298245614035088,142.98245614035088,1.4298245614035088,-105.0,0.0,0.0,0.0,56.0,56.0,0.2557077625570776,25.570776255707763,56.0,2024,7,July,2024-07,3,Monday,Weekday,0.8208799669363701,0.03389103173371189,1.8273649142570458,85.45240949345708,False,False,False,False,False,False,False,False
2024-07-30,125.0,203.0,208.0,5930,92.0,125.0,92.0,33.0,33.0,0.0,1.0246305418719213,102.46305418719213,0.01551433389544688,1.551433389544688,0.736,73.6,0.736,-83.0,0.0,0.0,0.0,116.0,116.0,0.5576923076923077,55.769230769230774,116.0,2024,7,July,2024-07,3,Tuesday,Weekday,0.8178388490113677,0.029928994162109222,1.516634755526887,79.90310712981922,False,False,False,False,False,False,False,False
2024-07-31,140.0,261.0,163.0,5963,154.0,140.0,154.0,-14.0,0.0,-14.0,0.6245210727969349,62.45210727969349,0.02582592654704008,2.582592654704008,1.1,110.00000000000001,1.1,-23.0,0.0,0.0,0.0,9.0,9.0,0.05521472392638037,5.521472392638037,9.0,2024,7,July,2024-07,3,Wednesday,Weekday,0.7898981708243841,0.028048840192845037,1.3460465202327696,81.29100996433807,False,False,False,False,False,False,False,False
2024-08-01,227.0,298.0,212.0,6016,169.0,227.0,169.0,58.0,58.0,0.0,0.7114093959731543,71.14093959731544,0.028091755319148936,2.8091755319148937,0.7444933920704846,74.44933920704845,0.7444933920704846,15.0,15.0,0.06607929515418502,6.607929515418502,43.0,43.0,0.2028301886792453,20.28301886792453,58.0,2024,8,August,2024-08,3,Thursday,Weekday,0.8214891740289981,0.027990579397221126,1.2500217667190292,81.26622286001815,False,False,False,False,False,False,False,False
2024-08-04,63.0,167.0,143.0,5943,170.0,63.0,170.0,-107.0,0.0,-107.0,0.8562874251497006,85.62874251497006,0.028605081608615177,2.8605081608615177,2.6984126984126986,269.8412698412699,2.6984126984126986,-80.0,0.0,0.0,0.0,-27.0,0.0,0.0,0.0,0.0,2024,8,August,2024-08,3,Sunday,Weekend,0.8566310751008042,0.027810828588434748,1.450942037503742,81.27108978932229,False,False,False,False,False,False,False,False
2024-08-05,172.0,259.0,138.0,5950,150.0,172.0,150.0,22.0,22.0,0.0,0.5328185328185329,53.28185328185329,0.025210084033613446,2.5210084033613445,0.872093023255814,87.20930232558139,0.872093023255814,34.0,34.0,0.19767441860465115,19.767441860465116,-12.0,0.0,0.0,0.0,34.0,2024,8,August,2024-08,3,Monday,Weekday,0.7826758582884443,0.02675753525228941,1.2775236829150949,81.45483836809443,False,False,False,False,False,False,False,False
2024-08-06,163.0,283.0,200.0,5998,143.0,163.0,143.0,20.0,20.0,0.0,0.7067137809187279,70.6713780918728,0.023841280426808935,2.3841280426808935,0.8773006134969326,87.73006134969326,0.8773006134969326,-37.0,0.0,0.0,0.0,57.0,57.0,0.285,28.499999999999996,57.0,2024,8,August,2024-08,3,Tuesday,Weekday,0.7856054131980165,0.02501430681247855,1.208303469805634,84.6383664036498,False,False,False,False,False,False,False,False
2024-08-07,135.0,273.0,207.0,6038,174.0,135.0,174.0,-39.0,0.0,-39.0,0.7582417582417582,75.82417582417582,0.028817489234845974,2.881748923484597,1.288888888888889,128.88888888888889,1.288888888888889,-72.0,0.0,0.0,0.0,33.0,33.0,0.15942028985507245,15.942028985507244,33.0,2024,8,August,2024-08,3,Wednesday,Weekday,0.7449460725386757,0.02512942158078849,1.1881698023035454,84.4196128671269,False,False,False,False,False,False,False,False
2024-08-08,119.0,230.0,213.0,6084,174.0,119.0,174.0,-55.0,0.0,-55.0,0.9260869565217391,92.6086956521739,0.028599605522682446,2.8599605522682445,1.4621848739495797,146.21848739495798,1.4621848739495797,-94.0,0.0,0.0,0.0,39.0,39.0,0.18309859154929578,18.30985915492958,39.0,2024,8,August,2024-08,3,Thursday,Weekday,0.7308684174886497,0.026998746098965,1.2919104985820569,93.07779421656963,False,False,False,False,False,False,False,False
2024-08-11,95.0,211.0,140.0,5894,249.0,95.0,249.0,-154.0,0.0,-154.0,0.6635071090047393,66.35071090047393,0.04224635222259925,4.224635222259925,2.6210526315789475,262.10526315789474,2.6210526315789475,-45.0,0.0,0.0,0.0,-109.0,0.0,0.0,0.0,0.0,2024,8,August,2024-08,3,Sunday,Weekend,0.7364378512326217,0.029344521195473452,1.5092037316647637,82.99865288486224,False,False,False,False,False,False,False,False
2024-08-12,109.0,219.0,155.0,5903,148.0,109.0,148.0,-39.0,0.0,-39.0,0.7077625570776256,70.77625570776256,0.025071997289513807,2.5071997289513805,1.3577981651376148,135.7798165137615,1.3577981651376148,-46.0,0.0,0.0,0.0,7.0,7.0,0.04516129032258064,4.516129032258064,7.0,2024,8,August,2024-08,3,Monday,Weekday,0.7359168742475463,0.028913127191239864,1.5968186992457822,82.29474200365046,False,False,False,False,False,False,False,False
2024-08-13,162.0,239.0,189.0,5981,123.0,162.0,123.0,39.0,39.0,0.0,0.7907949790794979,79.07949790794979,0.02056512288914897,2.056512288914897,0.7592592592592593,75.92592592592592,0.7592592592592593,-27.0,0.0,0.0,0.0,66.0,66.0,0.3492063492063492,34.92063492063492,66.0,2024,8,August,2024-08,3,Tuesday,Weekday,0.7265608105232315,0.02776456165988755,1.3197967793667194,79.90489397471356,False,False,False,False,False,False,False,False
2024-08-14,109.0,226.0,191.0,5987,178.0,109.0,178.0,-69.0,0.0,-69.0,0.8451327433628318,84.51327433628319,0.029731084015366626,2.9731084015366624,1.6330275229357798,163.30275229357798,1.6330275229357798,-82.0,0.0,0.0,0.0,13.0,13.0,0.06806282722513089,6.806282722513089,13.0,2024,8,August,2024-08,3,Wednesday,Weekday,0.7711771263152742,0.028410418800138,1.4285017078924291,80.42359550174716,False,False,False,False,False,False,False,False
2024-08-15,124.0,241.0,156.0,5895,220.0,124.0,220.0,-96.0,0.0,-96.0,0.6473029045643154,64.73029045643153,0.037319762510602206,3.7319762510602206,1.7741935483870968,177.41935483870967,1.7741935483870968,-32.0,0.0,0.0,0.0,-64.0,0.0,0.0,0.0,0.0,2024,8,August,2024-08,3,Thursday,Weekday,0.762689858264644,0.0303359162406799,1.5566292700195952,80.60959972699715,False,False,False,False,False,False,False,False
2024-08-18,86.0,244.0,235.0,5821,178.0,86.0,178.0,-92.0,0.0,-92.0,0.9631147540983607,96.31147540983606,0.030578938326747983,3.0578938326747984,2.0697674418604652,206.97674418604652,2.0697674418604652,-149.0,0.0,0.0,0.0,57.0,57.0,0.2425531914893617,24.25531914893617,57.0,2024,8,August,2024-08,3,Sunday,Weekend,0.7919574291013014,0.03058755182523733,1.6681833490155349,80.8040482990711,False,False,False,False,False,False,False,False
2024-08-19,176.0,254.0,162.0,5865,158.0,176.0,158.0,18.0,18.0,0.0,0.6377952755905512,63.77952755905512,0.026939471440750214,2.6939471440750213,0.8977272727272727,89.77272727272727,0.8977272727272727,14.0,14.0,0.07954545454545454,7.954545454545454,4.0,4.0,0.024691358024691357,2.4691358024691357,18.0,2024,8,August,2024-08,3,Monday,Weekday,0.7507729032539888,0.030350389813532722,1.5875465488409195,80.46468727578647,False,False,False,False,False,False,False,False
2024-08-20,136.0,274.0,245.0,5995,112.0,136.0,112.0,24.0,24.0,0.0,0.8941605839416058,89.41605839416059,0.018682235195996665,1.8682235195996666,0.8235294117647058,82.35294117647058,0.8235294117647058,-109.0,0.0,0.0,0.0,133.0,133.0,0.5428571428571428,54.285714285714285,133.0,2024,8,August,2024-08,3,Tuesday,Weekday,0.7837233996735412,0.026984087381160923,1.3307575174388848,80.97780666729058,False,False,False,False,False,False,False,False
2024-08-21,134.0,245.0,167.0,6028,156.0,134.0,156.0,-22.0,0.0,-22.0,0.6816326530612244,68.16326530612244,0.025879230258792303,2.5879230258792303,1.164179104477612,116.4179104477612,1.164179104477612,-33.0,0.0,0.0,0.0,11.0,11.0,0.0658682634730539,6.58682634730539,11.0,2024,8,August,2024-08,3,Wednesday,Weekday,0.7799905562426267,0.02709940637677214,1.3030976516303132,81.1242675637058,False,False,False,False,False,False,False,False
2024-08-22,182.0,307.0,205.0,6054,171.0,182.0,171.0,11.0,11.0,0.0,0.6677524429967426,66.77524429967427,0.028245787908820614,2.8245787908820614,0.9395604395604396,93.95604395604396,0.9395604395604396,-23.0,0.0,0.0,0.0,34.0,34.0,0.16585365853658537,16.585365853658537,34.0,2024,8,August,2024-08,3,Thursday,Weekday,0.7624130510879475,0.028196644236725226,1.3288549631019104,83.40908159673607,False,False,False,False,False,False,False,False
2024-08-27,149.0,285.0,222.0,6152,97.0,149.0,97.0,52.0,52.0,0.0,0.7789473684210526,77.89473684210526,0.015767230169050715,1.5767230169050714,0.6510067114093959,65.1006711409396,0.6510067114093959,-73.0,0.0,0.0,0.0,125.0,125.0,0.5630630630630631,56.30630630630631,125.0,2024,8,August,2024-08,3,Tuesday,Weekday,0.7529579975248362,0.026201807972965813,1.188566275740998,78.39061996085279,False,False,False,False,False,False,False,False
2024-08-28,170.0,285.0,178.0,6227,134.0,170.0,134.0,36.0,36.0,0.0,0.624561403508772,62.4561403508772,0.021519190621487074,2.1519190621487074,0.788235294117647,78.82352941176471,0.788235294117647,-8.0,0.0,0.0,0.0,44.0,44.0,0.24719101123595505,24.719101123595504,44.0,2024,8,August,2024-08,3,Wednesday,Weekday,0.7497092116597585,0.023944583417377936,1.0477150965596482,81.5674909608246,False,False,False,False,False,False,False,False
2024-08-29,145.0,295.0,188.0,6250,169.0,145.0,169.0,-24.0,0.0,-24.0,0.6372881355932203,63.72881355932203,0.02704,2.704,1.1655172413793105,116.55172413793105,1.1655172413793105,-43.0,0.0,0.0,0.0,19.0,19.0,0.10106382978723404,10.106382978723403,19.0,2024,8,August,2024-08,3,Thursday,Weekday,0.7031625518733098,0.02343902079927108,0.918536496490912,82.94073093159928,False,False,False,False,False,False,False,False
2024-09-02,133.0,270.0,198.0,6192,129.0,133.0,129.0,4.0,4.0,0.0,0.7333333333333333,73.33333333333333,0.020833333333333332,2.083333333333333,0.9699248120300752,96.99248120300751,0.9699248120300752,-65.0,0.0,0.0,0.0,69.0,69.0,0.3484848484848485,34.84848484848485,69.0,2024,9,September,2024-09,3,Monday,Weekday,0.7168108458365644,0.02256671535535439,0.9288504306770266,82.97382074688004,False,False,False,False,False,False,False,False
2024-09-03,131.0,263.0,177.0,6272,112.0,131.0,112.0,19.0,19.0,0.0,0.6730038022813688,67.30038022813687,0.017857142857142856,1.7857142857142856,0.8549618320610687,85.49618320610686,0.8549618320610687,-46.0,0.0,0.0,0.0,65.0,65.0,0.3672316384180791,36.72316384180791,65.0,2024,9,September,2024-09,3,Tuesday,Weekday,0.6852170198851021,0.022448845021232417,0.9333407764336498,82.52125275090835,False,False,False,False,False,False,False,False
2024-09-04,121.0,231.0,219.0,6375,114.0,121.0,114.0,7.0,7.0,0.0,0.948051948051948,94.8051948051948,0.01788235294117647,1.7882352941176471,0.9421487603305785,94.21487603305785,0.9421487603305785,-98.0,0.0,0.0,0.0,105.0,105.0,0.4794520547945205,47.94520547945205,105.0,2024,9,September,2024-09,3,Wednesday,Weekday,0.7232769191694911,0.02130643397585872,0.9016221558412164,81.7578346413076,False,False,False,False,False,False,False,False
2024-09-05,126.0,230.0,175.0,6448,121.0,126.0,121.0,5.0,5.0,0.0,0.7608695652173914,76.08695652173914,0.018765508684863524,1.8765508684863523,0.9603174603174603,96.03174603174604,0.9603174603174603,-49.0,0.0,0.0,0.0,54.0,54.0,0.30857142857142855,30.857142857142854,54.0,2024,9,September,2024-09,3,Thursday,Weekday,0.7365793652010124,0.019952108372436283,0.9045874445207909,84.4433403541616,False,False,False,False,False,False,False,False
2024-09-08,123.0,255.0,164.0,6312,221.0,123.0,221.0,-98.0,0.0,-98.0,0.6431372549019608,64.31372549019608,0.03501267427122941,3.501267427122941,1.7967479674796747,179.67479674796746,1.7967479674796747,-41.0,0.0,0.0,0.0,-57.0,0.0,0.0,0.0,0.0,2024,9,September,2024-09,3,Sunday,Weekend,0.7171779204125706,0.022701457529890383,1.068264766816545,78.30127404835493,False,False,False,False,False,False,False,False
2024-09-09,144.0,275.0,190.0,6353,141.0,144.0,141.0,3.0,3.0,0.0,0.6909090909090909,69.0909090909091,0.022194238942232016,2.2194238942232016,0.9791666666666666,97.91666666666666,0.9791666666666666,-46.0,0.0,0.0,0.0,49.0,49.0,0.2578947368421053,25.789473684210527,49.0,2024,9,September,2024-09,3,Monday,Weekday,0.726656161469759,0.02279789300428251,1.0955406771806906,78.41631473430195,False,False,False,False,False,False,False,False
2024-09-10,131.0,251.0,180.0,6396,148.0,131.0,148.0,-17.0,0.0,-17.0,0.7171314741035857,71.71314741035857,0.023139462163852407,2.313946216385241,1.1297709923664123,112.97709923664124,1.1297709923664123,-49.0,0.0,0.0,0.0,32.0,32.0,0.17777777777777778,17.77777777777778,32.0,2024,9,September,2024-09,3,Tuesday,Weekday,0.7380623526855256,0.02224067331340429,1.090434070178848,78.74623974315422,False,False,False,False,False,False,False,False
2024-09-11,93.0,248.0,175.0,6410,162.0,93.0,162.0,-69.0,0.0,-69.0,0.7056451612903226,70.56451612903226,0.02527301092043682,2.527301092043682,1.7419354838709677,174.19354838709677,1.7419354838709677,-82.0,0.0,0.0,0.0,13.0,13.0,0.07428571428571429,7.428571428571429,13.0,2024,9,September,2024-09,3,Wednesday,Weekday,0.734106899536524,0.022874912968704784,1.2007213090132611,79.04672710342585,False,False,False,False,False,False,False,False
2024-09-12,184.0,280.0,210.0,6360,220.0,184.0,220.0,-36.0,0.0,-36.0,0.75,75.0,0.03459119496855346,3.459119496855346,1.1956521739130435,119.56521739130434,1.1956521739130435,-26.0,0.0,0.0,0.0,-10.0,0.0,0.0,0.0,0.0,2024,9,September,2024-09,3,Thursday,Weekday,0.7451063563534712,0.02526549184176344,1.2493913578492577,78.34291895330446,False,False,False,False,False,False,False,False
2024-09-13,81.0,200.0,212.0,6326,279.0,81.0,279.0,-198.0,0.0,-198.0,1.06,106.0,0.0441036990199178,4.41036990199178,3.4444444444444446,344.44444444444446,3.4444444444444446,-131.0,0.0,0.0,0.0,-67.0,0.0,0.0,0.0,0.0,2024,9,September,2024-09,3,Friday,Weekday,0.761098935203193,0.029011398424440775,1.606862169865524,76.15974101343507,False,False,False,False,False,False,False,False
2024-09-15,98.0,220.0,167.0,6234,210.0,98.0,210.0,-112.0,0.0,-112.0,0.759090909090909,75.9090909090909,0.03368623676612127,3.368623676612127,2.142857142857143,214.28571428571428,2.142857142857143,-69.0,0.0,0.0,0.0,-43.0,0.0,0.0,0.0,0.0,2024,9,September,2024-09,3,Sunday,Weekend,0.7608448414708384,0.031142931007477597,1.7757964102283361,79.64909362367207,False,False,False,False,False,False,False,False
2024-09-16,113.0,209.0,160.0,6229,164.0,113.0,164.0,-51.0,0.0,-51.0,0.7655502392344498,76.55502392344498,0.026328463637823086,2.6328463637823085,1.4513274336283186,145.13274336283186,1.4513274336283186,-47.0,0.0,0.0,0.0,-4.0,0.0,0.0,0.0,0.0,2024,9,September,2024-09,3,Monday,Weekday,0.7783324106611941,0.029902329488419553,1.7264506196781422,79.03849751073318,False,False,False,False,False,False,False,False
2024-09-17,159.0,304.0,139.0,6227,160.0,159.0,160.0,-1.0,0.0,-1.0,0.45723684210526316,45.723684210526315,0.025694555965954713,2.5694555965954713,1.0062893081761006,100.62893081761007,1.0062893081761006,20.0,20.0,0.12578616352201258,12.578616352201259,-21.0,0.0,0.0,0.0,20.0,2024,9,September,2024-09,3,Tuesday,Weekday,0.7449506608320757,0.030402374777522796,1.7303252827509186,80.29783888317212,True,False,True,False,True,False,True,False
2024-09-18,116.0,213.0,217.0,6245,149.0,116.0,149.0,-33.0,0.0,-33.0,1.0187793427230047,101.87793427230048,0.02385908726981585,2.3859087269815853,1.2844827586206897,128.44827586206898,1.2844827586206897,-101.0,0.0,0.0,0.0,68.0,68.0,0.31336405529953915,31.336405529953915,68.0,2024,9,September,2024-09,3,Wednesday,Weekday,0.7880432134919928,0.030505178364089,1.752426963644387,80.59035461231709,False,False,False,False,False,False,False,False
2024-09-19,93.0,196.0,169.0,6270,188.0,93.0,188.0,-95.0,0.0,-95.0,0.8622448979591837,86.22448979591837,0.029984051036682616,2.9984051036682615,2.021505376344086,202.1505376344086,2.021505376344086,-76.0,0.0,0.0,0.0,-19.0,0.0,0.0,0.0,0.0,2024,9,September,2024-09,3,Thursday,Weekday,0.8104146044446873,0.03117818409498126,1.7923655197119752,81.67529051691615,False,False,False,False,False,False,False,False
2024-09-22,124.0,234.0,161.0,5989,197.0,124.0,197.0,-73.0,0.0,-73.0,0.688034188034188,68.80341880341881,0.032893638336951074,3.2893638336951074,1.5887096774193548,158.8709677419355,1.5887096774193548,-37.0,0.0,0.0,0.0,-36.0,0.0,0.0,0.0,0.0,2024,9,September,2024-09,3,Sunday,Weekend,0.8015623455924283,0.03093567600475235,1.848516591641448,81.79420271110484,False,False,False,False,False,False,False,False
2024-09-23,92.0,203.0,173.0,6002,165.0,92.0,165.0,-73.0,0.0,-73.0,0.8522167487684729,85.22167487684729,0.02749083638787071,2.749083638787071,1.7934782608695652,179.34782608695653,1.7934782608695652,-81.0,0.0,0.0,0.0,8.0,8.0,0.046242774566473986,4.624277456647398,8.0,2024,9,September,2024-09,3,Monday,Weekday,0.7718790239879245,0.028562409914459904,1.6126642797021797,88.44676383531852,False,False,False,False,False,False,False,False
2024-09-24,186.0,259.0,172.0,6023,143.0,186.0,143.0,43.0,43.0,0.0,0.6640926640926641,66.40926640926641,0.023742321102440643,2.374232110244064,0.7688172043010753,76.88172043010752,0.7688172043010753,14.0,14.0,0.07526881720430108,7.526881720430108,29.0,29.0,0.1686046511627907,16.86046511627907,43.0,2024,9,September,2024-09,3,Tuesday,Weekday,0.7583078461310324,0.027141850533934097,1.4163728599084557,89.08365600791747,False,False,False,False,False,False,False,False
2024-09-25,154.0,225.0,220.0,6050,169.0,154.0,169.0,-15.0,0.0,-15.0,0.9777777777777777,97.77777777777777,0.02793388429752066,2.793388429752066,1.0974025974025974,109.74025974025975,1.0974025974025974,-66.0,0.0,0.0,0.0,51.0,51.0,0.2318181818181818,23.18181818181818,51.0,2024,9,September,2024-09,3,Wednesday,Weekday,0.7886260659229363,0.027371196342462323,1.365812169019067,89.19456008812656,False,False,False,False,False,False,False,False
2024-09-26,91.0,199.0,172.0,6090,185.0,91.0,185.0,-94.0,0.0,-94.0,0.864321608040201,86.4321608040201,0.030377668308702793,3.037766830870279,2.032967032967033,203.2967032967033,2.032967032967033,-81.0,0.0,0.0,0.0,-13.0,0.0,0.0,0.0,0.0,2024,9,September,2024-09,3,Thursday,Weekday,0.8467810324850704,0.028040212391426338,1.5124804154177716,89.20637809868428,False,False,False,False,False,False,False,False
2024-09-29,81.0,213.0,153.0,5925,177.0,81.0,177.0,-96.0,0.0,-96.0,0.7183098591549296,71.83098591549296,0.029873417721518986,2.9873417721518987,2.185185185185185,218.5185185185185,2.185185185185185,-72.0,0.0,0.0,0.0,-24.0,0.0,0.0,0.0,0.0,2024,9,September,2024-09,3,Sunday,Weekend,0.8038568205467739,0.02889940245595535,1.641152190641271,90.93672066100616,False,False,False,False,False,False,False,False
2024-09-30,209.0,285.0,184.0,5967,138.0,209.0,138.0,71.0,71.0,0.0,0.6456140350877193,64.56140350877193,0.023127199597787834,2.3127199597787835,0.6602870813397129,66.02870813397129,0.6602870813397129,25.0,25.0,0.11961722488038277,11.961722488038278,46.0,46.0,0.25,25.0,71.0,2024,9,September,2024-09,3,Monday,Weekday,0.7729095544222789,0.027919852250398954,1.4466924342120746,88.74678204285442,False,False,False,False,False,False,False,False
2024-10-01,184.0,314.0,217.0,6040,137.0,184.0,137.0,47.0,47.0,0.0,0.6910828025477707,69.10828025477707,0.022682119205298012,2.2682119205298013,0.7445652173913043,74.45652173913044,0.7445652173913043,-33.0,0.0,0.0,0.0,80.0,80.0,0.3686635944700461,36.86635944700461,80.0,2024,10,October,2024-10,4,Tuesday,Weekday,0.773345070781362,0.026461063803019946,1.3261003684937818,89.090172228874,False,False,False,False,False,False,False,False
2024-10-02,107.0,215.0,230.0,6091,173.0,107.0,173.0,-66.0,0.0,-66.0,1.069767441860465,106.9767441860465,0.028402561155803644,2.8402561155803645,1.6168224299065421,161.6822429906542,1.6168224299065421,-123.0,0.0,0.0,0.0,57.0,57.0,0.24782608695652175,24.782608695652176,57.0,2024,10,October,2024-10,4,Wednesday,Weekday,0.8044237412230754,0.02659131019843894,1.3008638212133499,88.94120184858474,False,False,False,False,False,False,False,False
2024-10-03,101.0,162.0,178.0,6118,193.0,101.0,193.0,-92.0,0.0,-92.0,1.0987654320987654,109.87654320987654,0.03154625694671461,3.154625694671461,1.9108910891089108,191.08910891089107,1.9108910891089108,-77.0,0.0,0.0,0.0,-15.0,0.0,0.0,0.0,0.0,2024,10,October,2024-10,4,Thursday,Weekday,0.8665198509382327,0.027706158176192357,1.464017233328755,88.79612789722906,False,False,False,False,False,False,False,False
2024-10-07,99.0,190.0,176.0,5968,153.0,99.0,153.0,-54.0,0.0,-54.0,0.9263157894736842,92.63157894736842,0.025636729222520107,2.5636729222520107,1.5454545454545454,154.54545454545453,1.5454545454545454,-77.0,0.0,0.0,0.0,23.0,23.0,0.13068181818181818,13.068181818181818,23.0,2024,10,October,2024-10,4,Monday,Weekday,0.8591681383233623,0.027377993165478,1.5280246544790332,88.44236650084773,False,False,False,False,False,False,False,False
2024-10-08,167.0,239.0,166.0,6013,123.0,167.0,123.0,44.0,44.0,0.0,0.694560669456067,69.4560669456067,0.02045567936138367,2.045567936138367,0.7365269461077845,73.65269461077844,0.7365269461077845,1.0,1.0,0.005988023952095809,0.5988023952095809,43.0,43.0,0.25903614457831325,25.903614457831324,44.0,2024,10,October,2024-10,4,Tuesday,Weekday,0.8349165756684859,0.025960566173003834,1.342818927784855,86.31435877223554,False,False,False,False,False,False,False,False
2024-10-09,115.0,216.0,169.0,6047,137.0,115.0,137.0,-22.0,0.0,-22.0,0.7824074074074074,78.24074074074075,0.022655862411112948,2.265586241111295,1.191304347826087,119.1304347826087,1.191304347826087,-54.0,0.0,0.0,0.0,32.0,32.0,0.1893491124260355,18.93491124260355,32.0,2024,10,October,2024-10,4,Wednesday,Weekday,0.8440733682759828,0.024929486842945832,1.2008359510192697,86.56446748726755,False,False,False,False,False,False,False,False
2024-10-10,84.0,158.0,193.0,6075,159.0,84.0,159.0,-75.0,0.0,-75.0,1.2215189873417722,122.15189873417722,0.02617283950617284,2.617283950617284,1.8928571428571428,189.28571428571428,1.8928571428571428,-109.0,0.0,0.0,0.0,34.0,34.0,0.17616580310880828,17.616580310880828,34.0,2024,10,October,2024-10,4,Thursday,Weekday,0.926345504312276,0.02536457825842941,1.3769173883789025,86.96004746425866,False,False,False,False,False,False,False,False
2024-10-13,130.0,227.0,192.0,5889,210.0,130.0,210.0,-80.0,0.0,-80.0,0.8458149779735683,84.58149779735683,0.03565970453387672,3.565970453387672,1.6153846153846154,161.53846153846155,1.6153846153846154,-62.0,0.0,0.0,0.0,-18.0,0.0,0.0,0.0,0.0,2024,10,October,2024-10,4,Sunday,Weekend,0.9484501008016757,0.027218519019654934,1.5013201595208039,83.98912039033458,False,False,False,False,False,False,False,False
2024-10-14,88.0,214.0,160.0,5935,106.0,88.0,106.0,-18.0,0.0,-18.0,0.7476635514018691,74.76635514018692,0.017860151642796966,1.7860151642796966,1.2045454545454546,120.45454545454545,1.2045454545454546,-72.0,0.0,0.0,0.0,54.0,54.0,0.3375,33.75,54.0,2024,10,October,2024-10,4,Monday,Weekday,0.9024352593075905,0.025712460517796836,1.4424234487549346,80.53141218558278,False,False,False,False,False,False,False,False
2024-10-15,113.0,208.0,159.0,6013,107.0,113.0,107.0,6.0,6.0,0.0,0.7644230769230769,76.4423076923077,0.017794777981041076,1.7794777981041077,0.9469026548672567,94.69026548672566,0.9469026548672567,-46.0,0.0,0.0,0.0,52.0,52.0,0.3270440251572327,32.70440251572327,52.0,2024,10,October,2024-10,4,Tuesday,Weekday,0.8546720657110635,0.02374796352270062,1.304710815291841,79.19694258942219,False,False,False,False,False,False,False,False
2024-10-16,174.0,285.0,150.0,6036,129.0,174.0,129.0,45.0,45.0,0.0,0.5263157894736842,52.63157894736842,0.021371769383697812,2.137176938369781,0.7413793103448276,74.13793103448276,0.7413793103448276,24.0,24.0,0.13793103448275862,13.793103448275861,21.0,21.0,0.14,14.000000000000002,45.0,2024,10,October,2024-10,4,Wednesday,Weekday,0.7975292085682064,0.023138683545726006,1.1898429245618813,78.78411110982813,False,False,False,False,False,False,False,False
2024-10-17,104.0,230.0,206.0,6076,160.0,104.0,160.0,-56.0,0.0,-56.0,0.8956521739130435,89.56521739130436,0.026333113890717578,2.633311389071758,1.5384615384615385,153.84615384615387,1.5384615384615385,-102.0,0.0,0.0,0.0,46.0,46.0,0.22330097087378642,22.330097087378643,46.0,2024,10,October,2024-10,4,Thursday,Weekday,0.8262565663477746,0.023978317049916563,1.304405009183846,79.44176493715771,False,False,False,False,False,False,False,False
2024-10-20,147.0,276.0,214.0,5918,195.0,147.0,195.0,-48.0,0.0,-48.0,0.7753623188405797,77.53623188405797,0.03295032105441027,3.2950321054410274,1.3265306122448979,132.6530612244898,1.3265306122448979,-67.0,0.0,0.0,0.0,19.0,19.0,0.08878504672897196,8.878504672897195,19.0,2024,10,October,2024-10,4,Sunday,Weekend,0.8252501251239419,0.02544895399895904,1.323723046957962,78.40938611427215,False,False,False,False,False,False,False,False
2024-10-21,108.0,220.0,213.0,5966,154.0,108.0,154.0,-46.0,0.0,-46.0,0.9681818181818181,96.81818181818181,0.025812939993295342,2.5812939993295343,1.4259259259259258,142.59259259259258,1.4259259259259258,-105.0,0.0,0.0,0.0,59.0,59.0,0.27699530516431925,27.699530516431924,59.0,2024,10,October,2024-10,4,Monday,Weekday,0.7890591009582343,0.025397539782833684,1.2570185873963595,78.38692931288998,False,False,False,False,False,False,False,False
2024-10-22,180.0,280.0,146.0,6043,109.0,180.0,109.0,71.0,71.0,0.0,0.5214285714285715,52.142857142857146,0.018037398643058082,1.8037398643058082,0.6055555555555555,60.55555555555555,0.6055555555555555,34.0,34.0,0.18888888888888888,18.88888888888889,37.0,37.0,0.2534246575342466,25.34246575342466,71.0,2024,10,October,2024-10,4,Tuesday,Weekday,0.7427181857375205,0.022880067512716734,1.1127572931350653,79.90221417522368,False,False,False,False,False,False,False,False
2024-10-23,134.0,294.0,186.0,6077,138.0,134.0,138.0,-4.0,0.0,-4.0,0.6326530612244898,63.26530612244898,0.022708573309198617,2.2708573309198616,1.0298507462686568,102.98507462686568,1.0298507462686568,-52.0,0.0,0.0,0.0,48.0,48.0,0.25806451612903225,25.806451612903224,48.0,2024,10,October,2024-10,4,Wednesday,Weekday,0.7262881157121805,0.02357269917934554,1.0878009062383798,81.57030630882205,False,False,False,False,False,False,False,False
2024-10-27,202.0,313.0,158.0,5974,192.0,202.0,192.0,10.0,10.0,0.0,0.5047923322683706,50.47923322683706,0.03213927017073987,3.213927017073987,0.9504950495049505,95.04950495049505,0.9504950495049505,44.0,44.0,0.21782178217821782,21.782178217821784,-34.0,0.0,0.0,0.0,44.0,2024,10,October,2024-10,4,Sunday,Weekend,0.6891980093329367,0.02562191234930251,1.088314105472336,82.35565994570732,False,False,False,False,False,False,False,False
2024-10-28,110.0,272.0,193.0,6008,156.0,110.0,156.0,-46.0,0.0,-46.0,0.7095588235294118,70.95588235294117,0.02596537949400799,2.596537949400799,1.4181818181818182,141.8181818181818,1.4181818181818182,-83.0,0.0,0.0,0.0,37.0,37.0,0.19170984455958548,19.170984455958546,37.0,2024,10,October,2024-10,4,Monday,Weekday,0.7153755856266122,0.026278142365061107,1.1850001780204775,83.58311909904059,False,False,False,False,False,False,False,False
2024-10-29,166.0,277.0,229.0,6106,126.0,166.0,126.0,40.0,40.0,0.0,0.8267148014440433,82.67148014440433,0.020635440550278415,2.0635440550278417,0.7590361445783133,75.90361445783132,0.7590361445783133,-63.0,0.0,0.0,0.0,103.0,103.0,0.4497816593886463,44.97816593886463,103.0,2024,10,October,2024-10,4,Tuesday,Weekday,0.7055273895596121,0.025464189030712656,1.073653693180017,82.01691457455091,False,False,False,False,False,False,False,False
2024-10-30,136.0,276.0,178.0,6149,160.0,136.0,160.0,-24.0,0.0,-24.0,0.644927536231884,64.4927536231884,0.026020491136770206,2.6020491136770207,1.1764705882352942,117.64705882352942,1.1764705882352942,-42.0,0.0,0.0,0.0,18.0,18.0,0.10112359550561797,10.112359550561797,18.0,2024,10,October,2024-10,4,Wednesday,Weekday,0.6868938491869414,0.024474213328192645,1.0522165468929305,84.3111454605416,False,False,False,False,False,False,False,False
2024-10-31,87.0,246.0,173.0,6148,177.0,87.0,177.0,-90.0,0.0,-90.0,0.7032520325203252,70.32520325203252,0.028789850357839947,2.8789850357839946,2.0344827586206895,203.44827586206895,2.0344827586206895,-86.0,0.0,0.0,0.0,-4.0,0.0,0.0,0.0,0.0,2024,10,October,2024-10,4,Thursday,Weekday,0.6490467369495851,0.024899486237413306,1.139153237277897,83.75159735528014,False,False,False,False,False,False,False,False
2024-11-03,84.0,171.0,157.0,5990,184.0,84.0,184.0,-100.0,0.0,-100.0,0.9181286549707602,91.81286549707602,0.030717863105175294,3.0717863105175294,2.1904761904761907,219.04761904761907,2.1904761904761907,-73.0,0.0,0.0,0.0,-27.0,0.0,0.0,0.0,0.0,2024,11,November,2024-11,4,Sunday,Weekend,0.7057181774556122,0.026710981160572907,1.3655704708379874,86.52603950034647,False,False,False,False,False,False,False,False
2024-11-04,167.0,209.0,157.0,6007,132.0,167.0,132.0,35.0,35.0,0.0,0.7511961722488039,75.11961722488039,0.021974363242883304,2.1974363242883306,0.7904191616766467,79.04191616766467,0.7904191616766467,10.0,10.0,0.059880239520958084,5.9880239520958085,25.0,25.0,0.1592356687898089,15.92356687898089,35.0,2024,11,November,2024-11,4,Monday,Weekday,0.7226529076019428,0.026606094008242147,1.3313659587534148,86.12981579737973,False,False,False,False,False,False,False,False
2024-11-05,109.0,245.0,159.0,6045,126.0,109.0,126.0,-17.0,0.0,-17.0,0.6489795918367347,64.89795918367346,0.020843672456575684,2.0843672456575684,1.1559633027522935,115.59633027522935,1.1559633027522935,-50.0,0.0,0.0,0.0,33.0,33.0,0.20754716981132076,20.754716981132077,33.0,2024,11,November,2024-11,4,Tuesday,Weekday,0.7432510875402805,0.024992437191932976,1.3607185663601782,86.29613060142847,False,False,False,False,False,False,False,False
2024-11-06,156.0,256.0,176.0,6086,137.0,156.0,137.0,19.0,19.0,0.0,0.6875,68.75,0.022510680249753532,2.2510680249753534,0.8782051282051282,87.82051282051282,0.8782051282051282,-20.0,0.0,0.0,0.0,39.0,39.0,0.2215909090909091,22.15909090909091,39.0,2024,11,November,2024-11,4,Wednesday,Weekday,0.7400998270360787,0.024498908728468057,1.283579039220651,85.83850931306873,False,False,False,False,False,False,False,False
2024-11-07,125.0,232.0,192.0,6084,177.0,125.0,177.0,-52.0,0.0,-52.0,0.8275862068965517,82.75862068965517,0.029092702169625246,2.9092702169625246,1.416,141.6,1.416,-67.0,0.0,0.0,0.0,15.0,15.0,0.078125,7.8125,15.0,2024,11,November,2024-11,4,Thursday,Weekday,0.7402243135292943,0.025707088959803316,1.377431018566606,86.658924255101,False,False,False,False,False,False,False,False
2024-11-11,118.0,139.0,168.0,5963,145.0,118.0,145.0,-27.0,0.0,-27.0,1.20863309352518,120.86330935251799,0.024316619151433842,2.4316619151433843,1.228813559322034,122.88135593220339,1.228813559322034,-50.0,0.0,0.0,0.0,23.0,23.0,0.13690476190476192,13.690476190476192,23.0,2024,11,November,2024-11,4,Monday,Weekday,0.820753678856908,0.025463678676183838,1.3849085858647119,86.46098297766619,False,False,False,False,False,False,False,False
2024-11-12,142.0,235.0,139.0,5975,138.0,142.0,138.0,4.0,4.0,0.0,0.5914893617021276,59.148936170212764,0.02309623430962343,2.3096234309623433,0.971830985915493,97.1830985915493,0.971830985915493,3.0,3.0,0.02112676056338028,2.112676056338028,1.0,1.0,0.007194244604316547,0.7194244604316548,4.0,2024,11,November,2024-11,4,Tuesday,Weekday,0.8047875830257369,0.024650304955010048,1.2331011897639694,86.73292424101871,False,False,False,False,False,False,False,False
2024-11-13,148.0,245.0,175.0,5966,151.0,148.0,151.0,-3.0,0.0,-3.0,0.7142857142857143,71.42857142857143,0.02531009051290647,2.531009051290647,1.0202702702702702,102.02702702702702,1.0202702702702702,-27.0,0.0,0.0,0.0,24.0,24.0,0.13714285714285715,13.714285714285715,24.0,2024,11,November,2024-11,4,Wednesday,Weekday,0.7756671629278732,0.02387776601325736,1.065928915448838,89.7366791197143,False,False,False,False,False,False,False,False
2024-11-14,119.0,219.0,210.0,6025,172.0,119.0,172.0,-53.0,0.0,-53.0,0.958904109589041,95.8904109589041,0.028547717842323652,2.854771784232365,1.4453781512605042,144.53781512605042,1.4453781512605042,-91.0,0.0,0.0,0.0,38.0,38.0,0.18095238095238095,18.095238095238095,38.0,2024,11,November,2024-11,4,Thursday,Weekday,0.8053397254050498,0.024816816670320267,1.1594944853893892,88.97291584417103,False,False,False,False,False,False,False,False
2024-11-17,105.0,210.0,149.0,5816,195.0,105.0,195.0,-90.0,0.0,-90.0,0.7095238095238096,70.95238095238095,0.03352819807427786,3.3528198074277857,1.8571428571428572,185.71428571428572,1.8571428571428572,-44.0,0.0,0.0,0.0,-46.0,0.0,0.0,0.0,0.0,2024,11,November,2024-11,4,Sunday,Weekend,0.8139888993603464,0.026628891758563433,1.2596629931594696,87.06681400388334,False,False,False,False,False,False,False,False
2024-11-18,143.0,203.0,163.0,5819,138.0,143.0,138.0,5.0,5.0,0.0,0.8029556650246306,80.29556650246306,0.023715415019762844,2.371541501976284,0.965034965034965,96.5034965034965,0.965034965034965,-20.0,0.0,0.0,0.0,25.0,25.0,0.15337423312883436,15.337423312883436,25.0,2024,11,November,2024-11,4,Monday,Weekday,0.8304825657924365,0.026800996725707623,1.2720672555637318,87.67300856106549,False,False,False,False,False,False,False,False
2024-11-19,119.0,209.0,152.0,5844,146.0,119.0,146.0,-27.0,0.0,-27.0,0.7272727272727273,72.72727272727273,0.024982888432580425,2.4982888432580426,1.226890756302521,122.6890756302521,1.226890756302521,-33.0,0.0,0.0,0.0,6.0,6.0,0.039473684210526314,3.9473684210526314,6.0,2024,11,November,2024-11,4,Tuesday,Weekday,0.8161520687033185,0.02621388047755836,1.245051649321235,87.71736801030379,False,False,False,False,False,False,False,False
2024-11-20,155.0,212.0,181.0,5879,148.0,155.0,148.0,7.0,7.0,0.0,0.8537735849056604,85.37735849056604,0.025174349379146112,2.517434937914611,0.9548387096774194,95.48387096774194,0.9548387096774194,-26.0,0.0,0.0,0.0,33.0,33.0,0.18232044198895028,18.23204419889503,33.0,2024,11,November,2024-11,4,Wednesday,Weekday,0.7654578531862445,0.026336413367231543,1.2059123850862898,87.94356216162555,False,False,False,False,False,False,False,False
2024-11-21,109.0,214.0,173.0,5850,210.0,109.0,210.0,-101.0,0.0,-101.0,0.8084112149532711,80.8411214953271,0.035897435897435895,3.5897435897435894,1.926605504587156,192.6605504587156,1.926605504587156,-64.0,0.0,0.0,0.0,-37.0,0.0,0.0,0.0,0.0,2024,11,November,2024-11,4,Thursday,Weekday,0.7964466893649791,0.028165156451204747,1.3423087448965276,85.55323290046785,False,False,False,False,False,False,False,False
2024-11-24,191.0,283.0,192.0,5664,207.0,191.0,207.0,-16.0,0.0,-16.0,0.6784452296819788,67.84452296819788,0.036546610169491525,3.6546610169491527,1.0837696335078535,108.37696335078535,1.0837696335078535,-1.0,0.0,0.0,0.0,-15.0,0.0,0.0,0.0,0.0,2024,11,November,2024-11,4,Sunday,Weekend,0.7913266201358742,0.029770373545002615,1.3513800825018965,84.4687228754913,False,False,False,False,False,False,False,False
2024-11-25,170.0,297.0,196.0,5715,129.0,170.0,129.0,41.0,41.0,0.0,0.6599326599326599,65.993265993266,0.02257217847769029,2.257217847769029,0.7588235294117647,75.88235294117646,0.7588235294117647,-26.0,0.0,0.0,0.0,67.0,67.0,0.34183673469387754,34.183673469387756,67.0,2024,11,November,2024-11,4,Monday,Weekday,0.7486164130421054,0.028916725064340704,1.2533008508092196,82.52388999633558,False,False,False,False,False,False,False,False
2024-11-26,152.0,272.0,214.0,5826,112.0,152.0,112.0,40.0,40.0,0.0,0.7867647058823529,78.67647058823529,0.01922416752488843,1.9224167524888431,0.7368421052631579,73.68421052631578,0.7368421052631579,-62.0,0.0,0.0,0.0,102.0,102.0,0.4766355140186916,47.66355140186916,102.0,2024,11,November,2024-11,4,Tuesday,Weekday,0.7596508268076115,0.026873292128713644,1.0932578862549767,80.07010820318997,False,False,False,False,False,False,False,False
2024-11-27,239.0,367.0,224.0,5862,211.0,239.0,211.0,28.0,28.0,0.0,0.6103542234332425,61.03542234332425,0.03599454111224838,3.5994541112248384,0.8828451882845189,88.28451882845188,0.8828451882845189,15.0,15.0,0.06276150627615062,6.2761506276150625,13.0,13.0,0.05803571428571429,5.803571428571429,28.0,2024,11,November,2024-11,4,Wednesday,Weekday,0.732136335151699,0.02862745299906872,1.0815164895763416,79.67129018716622,False,False,False,False,False,False,False,False
2024-11-28,113.0,280.0,237.0,5963,143.0,113.0,143.0,-30.0,0.0,-30.0,0.8464285714285714,84.64285714285714,0.02398121750796579,2.398121750796579,1.2654867256637168,126.54867256637168,1.2654867256637168,-124.0,0.0,0.0,0.0,94.0,94.0,0.39662447257383965,39.66244725738397,94.0,2024,11,November,2024-11,4,Thursday,Weekday,0.749158598602534,0.028484357152695202,1.0870301994850837,79.38478150357858,False,False,False,False,False,False,False,False
2024-12-01,196.0,306.0,187.0,5986,149.0,196.0,149.0,47.0,47.0,0.0,0.6111111111111112,61.111111111111114,0.02489141329769462,2.489141329769462,0.7602040816326531,76.0204081632653,0.7602040816326531,9.0,9.0,0.04591836734693878,4.591836734693878,38.0,38.0,0.20320855614973263,20.32085561497326,47.0,2024,12,December,2024-12,4,Sunday,Weekend,0.7144925309175981,0.028443937712487845,1.0592252526215458,79.31319806358091,False,False,False,False,False,False,False,False
2024-12-02,236.0,330.0,222.0,6061,115.0,236.0,115.0,121.0,121.0,0.0,0.6727272727272727,67.27272727272727,0.018973766705164163,1.8973766705164163,0.4872881355932203,48.728813559322035,0.4872881355932203,14.0,14.0,0.059322033898305086,5.932203389830509,107.0,107.0,0.481981981981982,48.1981981981982,121.0,2024,12,December,2024-12,4,Monday,Weekday,0.6951091105995985,0.026026270685020458,0.8536084856224121,77.99649158105208,False,False,False,False,False,False,False,False
2024-12-03,81.0,230.0,242.0,6192,107.0,81.0,107.0,-26.0,0.0,-26.0,1.0521739130434782,105.21739130434781,0.01728036175710594,1.7280361757105942,1.3209876543209877,132.0987654320988,1.3209876543209877,-161.0,0.0,0.0,0.0,135.0,135.0,0.5578512396694215,55.78512396694215,135.0,2024,12,December,2024-12,4,Tuesday,Weekday,0.748498922508384,0.023273949483251087,0.8874967743100027,78.7646168338413,False,False,False,False,False,False,False,False
2024-12-04,118.0,245.0,160.0,6269,115.0,118.0,115.0,3.0,3.0,0.0,0.6530612244897959,65.3061224489796,0.01834423353006859,1.8344233530068592,0.9745762711864406,97.45762711864407,0.9745762711864406,-42.0,0.0,0.0,0.0,45.0,45.0,0.28125,28.125,45.0,2024,12,December,2024-12,4,Wednesday,Weekday,0.7475172888736894,0.02266995734787656,0.9183185945635278,77.58115496124739,False,False,False,False,False,False,False,False
2024-12-05,218.0,283.0,208.0,6310,150.0,218.0,150.0,68.0,68.0,0.0,0.734982332155477,73.4982332155477,0.02377179080824089,2.3771790808240887,0.6880733944954128,68.80733944954129,0.6880733944954128,10.0,10.0,0.045871559633027525,4.587155963302752,58.0,58.0,0.27884615384615385,27.884615384615387,68.0,2024,12,December,2024-12,4,Thursday,Weekday,0.7401198069127071,0.02331961781692691,0.9113516358824215,78.53021406095706,False,False,False,False,False,False,False,False
2024-12-08,132.0,243.0,183.0,6286,172.0,132.0,172.0,-40.0,0.0,-40.0,0.7530864197530864,75.30864197530865,0.02736239261851734,2.736239261851734,1.303030303030303,130.3030303030303,1.303030303030303,-51.0,0.0,0.0,0.0,11.0,11.0,0.060109289617486336,6.0109289617486334,11.0,2024,12,December,2024-12,4,Sunday,Weekend,0.7605101206726846,0.022086453746393904,0.9713780808461049,85.15671193208803,False,False,False,False,False,False,False,False
2024-12-09,224.0,315.0,152.0,6268,174.0,224.0,174.0,50.0,50.0,0.0,0.48253968253968255,48.25396825396825,0.027760051052967454,2.7760051052967456,0.7767857142857143,77.67857142857143,0.7767857142857143,72.0,72.0,0.32142857142857145,32.142857142857146,-22.0,0.0,0.0,0.0,72.0,2024,12,December,2024-12,4,Monday,Weekday,0.7085259936885577,0.02262628710996557,0.9015636506492475,83.75923163855951,True,False,True,False,True,False,True,False
2024-12-10,167.0,326.0,213.0,6310,149.0,167.0,149.0,18.0,18.0,0.0,0.6533742331288344,65.33742331288343,0.023613312202852614,2.3613312202852614,0.8922155688622755,89.22155688622755,0.8922155688622755,-46.0,0.0,0.0,0.0,64.0,64.0,0.3004694835680751,30.046948356807512,64.0,2024,12,December,2024-12,4,Tuesday,Weekday,0.7145635825482325,0.022443701239273858,0.9204224345391934,83.91202176864006,False,False,False,False,False,False,False,False
2024-12-11,209.0,353.0,232.0,6402,152.0,209.0,152.0,57.0,57.0,0.0,0.6572237960339944,65.72237960339945,0.023742580443611373,2.374258044361137,0.7272727272727273,72.72727272727273,0.7272727272727273,-23.0,0.0,0.0,0.0,80.0,80.0,0.3448275862068966,34.48275862068966,80.0,2024,12,December,2024-12,4,Wednesday,Weekday,0.7123488001634785,0.023124960344766316,0.9547059476362659,85.15616864628416,False,False,False,False,False,False,False,False
2024-12-12,153.0,253.0,286.0,6481,194.0,153.0,194.0,-41.0,0.0,-41.0,1.1304347826086956,113.04347826086956,0.02993365221416448,2.993365221416448,1.2679738562091503,126.79738562091502,1.2679738562091503,-133.0,0.0,0.0,0.0,92.0,92.0,0.32167832167832167,32.16783216783217,92.0,2024,12,December,2024-12,4,Thursday,Weekday,0.7235289243870808,0.02493257326720325,0.9471325479060033,86.76270425008083,False,False,False,False,False,False,False,False
2024-12-15,180.0,337.0,219.0,6408,224.0,180.0,224.0,-44.0,0.0,-44.0,0.6498516320474778,64.98516320474778,0.03495630461922597,3.495630461922597,1.2444444444444445,124.44444444444444,1.2444444444444445,-39.0,0.0,0.0,0.0,-5.0,0.0,0.0,0.0,0.0,2024,12,December,2024-12,4,Sunday,Weekend,0.7230704111810355,0.027305726279940018,0.9856851440857183,86.7444174274705,False,False,False,False,False,False,False,False
2024-12-16,133.0,287.0,189.0,6454,149.0,133.0,149.0,-16.0,0.0,-16.0,0.6585365853658537,65.85365853658537,0.0230864580105361,2.30864580105361,1.1203007518796992,112.03007518796993,1.1203007518796992,-56.0,0.0,0.0,0.0,40.0,40.0,0.21164021164021163,21.164021164021165,40.0,2024,12,December,2024-12,4,Monday,Weekday,0.7121495902110893,0.027207821594553618,1.0474319094263305,86.41804863707691,False,False,False,False,False,False,False,False
2024-12-17,187.0,310.0,247.0,6506,151.0,187.0,151.0,36.0,36.0,0.0,0.7967741935483871,79.6774193548387,0.02320934521979711,2.320934521979711,0.8074866310160428,80.74866310160428,0.8074866310160428,-60.0,0.0,0.0,0.0,96.0,96.0,0.38866396761133604,38.8663967611336,96.0,2024,12,December,2024-12,4,Tuesday,Weekday,0.718390700753275,0.026614529109022157,0.9766399562814362,85.45054057587328,False,False,False,False,False,False,False,False
2024-12-18,168.0,285.0,210.0,6598,134.0,168.0,134.0,34.0,34.0,0.0,0.7368421052631579,73.68421052631578,0.020309184601394362,2.030918460139436,0.7976190476190477,79.76190476190477,0.7976190476190477,-42.0,0.0,0.0,0.0,76.0,76.0,0.3619047619047619,36.19047619047619,76.0,2024,12,December,2024-12,4,Wednesday,Weekday,0.7547196182852002,0.025550119615940288,0.9796161467576266,83.46481597425615,False,False,False,False,False,False,False,False
2024-12-19,269.0,412.0,204.0,6600,238.0,269.0,238.0,31.0,31.0,0.0,0.49514563106796117,49.51456310679612,0.036060606060606064,3.6060606060606064,0.8847583643122676,88.47583643122677,0.8847583643122676,65.0,65.0,0.241635687732342,24.1635687732342,-34.0,0.0,0.0,0.0,65.0,2024,12,December,2024-12,4,Thursday,Weekday,0.7321155322765039,0.02732830445276221,0.9785508318219114,81.26028933371151,True,False,True,False,True,False,True,False
2024-12-22,100.0,255.0,236.0,6595,268.0,100.0,268.0,-168.0,0.0,-168.0,0.9254901960784314,92.54901960784314,0.04063684609552692,4.063684609552691,2.68,268.0,2.68,-136.0,0.0,0.0,0.0,-32.0,0.0,0.0,0.0,0.0,2024,12,December,2024-12,4,Sunday,Weekend,0.7704393037114236,0.029741770974464427,1.2575118707829505,79.29646721516781,False,False,False,False,False,False,False,False
2024-12-23,205.0,294.0,177.0,6548,231.0,205.0,231.0,-26.0,0.0,-26.0,0.6020408163265306,60.204081632653065,0.03527794746487477,3.527794746487477,1.1268292682926828,112.68292682926828,1.1268292682926828,28.0,28.0,0.13658536585365855,13.658536585365855,-54.0,0.0,0.0,0.0,28.0,2024,12,December,2024-12,4,Monday,Weekday,0.6949544513854,0.0305052417245659,1.237348358223455,79.13117103249141,False,False,False,False,False,False,False,False
2024-12-24,161.0,304.0,211.0,6622,155.0,161.0,155.0,6.0,6.0,0.0,0.694078947368421,69.4078947368421,0.023406825732407127,2.340682573240713,0.9627329192546584,96.27329192546584,0.9627329192546584,-50.0,0.0,0.0,0.0,56.0,56.0,0.26540284360189575,26.540284360189574,56.0,2024,12,December,2024-12,4,Tuesday,Weekday,0.7012726392883918,0.028855316169306065,1.197103854624914,77.94783919176515,False,False,False,False,False,False,False,False
2024-12-25,57.0,162.0,193.0,6689,107.0,57.0,107.0,-50.0,0.0,-50.0,1.191358024691358,119.1358024691358,0.015996412019733893,1.5996412019733892,1.8771929824561404,187.71929824561403,1.8771929824561404,-136.0,0.0,0.0,0.0,86.0,86.0,0.44559585492227977,44.559585492227974,86.0,2024,12,December,2024-12,4,Wednesday,Weekday,0.7773899877634639,0.02784245245633432,1.3052313161358344,74.85680647165704,False,False,False,False,False,False,False,False
2024-12-26,80.0,122.0,152.0,6707,135.0,80.0,135.0,-55.0,0.0,-55.0,1.2459016393442623,124.59016393442623,0.020128224243327865,2.0128224243327866,1.6875,168.75,1.6875,-72.0,0.0,0.0,0.0,17.0,17.0,0.1118421052631579,11.18421052631579,17.0,2024,12,December,2024-12,4,Thursday,Weekday,0.841551051448589,0.027402292316838713,1.430947511704971,73.90939695014166,False,False,False,False,False,False,False,False
2024-12-29,107.0,170.0,133.0,6465,216.0,107.0,216.0,-109.0,0.0,-109.0,0.7823529411764706,78.23529411764706,0.03341067285382831,3.341067285382831,2.0186915887850465,201.86915887850466,2.0186915887850465,-26.0,0.0,0.0,0.0,-83.0,0.0,0.0,0.0,0.0,2024,12,December,2024-12,4,Sunday,Weekend,0.848052599436205,0.029273933495757846,1.6053864461572565,75.8244337739108,False,False,False,False,False,False,False,False
2024-12-30,99.0,156.0,139.0,6454,177.0,99.0,177.0,-78.0,0.0,-78.0,0.8910256410256411,89.1025641025641,0.02742485280446235,2.742485280446235,1.7878787878787878,178.78787878787878,1.7878787878787878,-40.0,0.0,0.0,0.0,-38.0,0.0,0.0,0.0,0.0,2024,12,December,2024-12,4,Monday,Weekday,0.9046068865730164,0.028040254459165886,1.7344036495239021,76.0202800496491,False,False,False,False,False,False,False,False
2025-01-01,25.0,66.0,94.0,6405,144.0,25.0,144.0,-119.0,0.0,-119.0,1.4242424242424243,142.42424242424244,0.022482435597189696,2.2482435597189694,5.76,576.0,5.76,-69.0,0.0,0.0,0.0,-50.0,0.0,0.0,0.0,0.0,2025,1,January,2025-01,1,Wednesday,Weekday,0.9758572048821582,0.025446767245117716,2.174403649523902,78.41086198768409,False,False,False,False,False,False,False,False
2025-01-02,35.0,70.0,53.0,6292,170.0,35.0,170.0,-135.0,0.0,-135.0,0.7571428571428571,75.71428571428571,0.0270184361093452,2.70184361093452,4.857142857142857,485.71428571428567,4.857142857142857,-18.0,0.0,0.0,0.0,-117.0,0.0,0.0,0.0,0.0,2025,1,January,2025-01,1,Thursday,Weekday,0.9980146392844906,0.02426683705147063,2.707305590788213,81.15153277076509,False,False,False,False,False,False,False,False
2025-01-05,43.0,73.0,64.0,5882,185.0,43.0,185.0,-142.0,0.0,-142.0,0.8767123287671232,87.67123287671232,0.031451887113226794,3.1451887113226795,4.3023255813953485,430.23255813953483,4.3023255813953485,-21.0,0.0,0.0,0.0,-121.0,0.0,0.0,0.0,0.0,2025,1,January,2025-01,1,Sunday,Weekend,1.0241051223414481,0.02541613153444487,3.184390256808311,80.33503689376329,False,False,False,False,False,False,False,False
2025-01-06,41.0,60.0,71.0,5769,190.0,41.0,190.0,-149.0,0.0,-149.0,1.1833333333333333,118.33333333333333,0.03293465071936211,3.2934650719362106,4.634146341463414,463.4146341463414,4.634146341463414,-30.0,0.0,0.0,0.0,-119.0,0.0,0.0,0.0,0.0,2025,1,January,2025-01,1,Monday,Weekday,1.0229587378617302,0.027835879920106044,3.5782407366664932,84.39053944381243,False,False,False,False,False,False,False,False
2025-01-07,65.0,83.0,65.0,5703,133.0,65.0,133.0,-68.0,0.0,-68.0,0.7831325301204819,78.3132530120482,0.02332105909170612,2.332105909170612,2.046153846153846,204.61538461538458,2.046153846153846,0.0,0.0,0.0,0.0,-68.0,0.0,0.0,0.0,0.0,2025,1,January,2025-01,1,Tuesday,Weekday,0.956848865115476,0.02829199918416008,3.629477000402757,86.42075690157226,False,False,False,False,False,False,False,False
2025-01-08,38.0,80.0,82.0,5605,184.0,38.0,184.0,-146.0,0.0,-146.0,1.025,102.49999999999999,0.03282783229259589,3.2827832292595893,4.842105263157895,484.2105263157895,4.842105263157895,-44.0,0.0,0.0,0.0,-102.0,0.0,0.0,0.0,0.0,2025,1,January,2025-01,1,Wednesday,Weekday,0.9915127306616943,0.028208736246841164,4.032821811027449,86.67198240334469,False,False,False,False,False,False,False,False
2025-01-09,56.0,82.0,68.0,5507,164.0,56.0,164.0,-108.0,0.0,-108.0,0.8292682926829268,82.92682926829268,0.02978027964408934,2.978027964408934,2.9285714285714284,292.85714285714283,2.9285714285714284,-12.0,0.0,0.0,0.0,-96.0,0.0,0.0,0.0,0.0,2025,1,January,2025-01,1,Thursday,Weekday,0.982690252327021,0.02854522579535931,4.19577790255497,86.75463152234097,False,False,False,False,False,False,False,False
2025-01-12,74.0,103.0,80.0,5092,235.0,74.0,235.0,-161.0,0.0,-161.0,0.7766990291262136,77.66990291262135,0.04615082482325216,4.615082482325216,3.175675675675676,317.5675675675676,3.175675675675676,-6.0,0.0,0.0,0.0,-155.0,0.0,0.0,0.0,0.0,2025,1,January,2025-01,1,Sunday,Weekend,0.890184053024705,0.031926424256225376,3.8265887133657808,81.69279358525323,False,False,False,False,False,False,False,False
2025-01-13,68.0,107.0,102.0,5019,181.0,68.0,181.0,-113.0,0.0,-113.0,0.9532710280373832,95.32710280373831,0.03606296074915322,3.6062960749153214,2.661764705882353,266.1764705882353,2.661764705882353,-34.0,0.0,0.0,0.0,-79.0,0.0,0.0,0.0,0.0,2025,1,January,2025-01,1,Monday,Weekday,0.9182023631524946,0.03321849920476938,3.5129632631857084,82.7311192716943,False,False,False,False,False,False,False,False
2025-01-14,92.0,124.0,93.0,4957,139.0,92.0,139.0,-47.0,0.0,-47.0,0.75,75.0,0.0280411539237442,2.80411539237442,1.5108695652173914,151.08695652173913,1.5108695652173914,-1.0,0.0,0.0,0.0,-46.0,0.0,0.0,0.0,0.0,2025,1,January,2025-01,1,Tuesday,Weekday,0.9001006019000484,0.03273125160627186,3.1141838323031434,81.98201601763597,False,False,False,False,False,False,False,False
2025-01-15,113.0,162.0,107.0,4903,164.0,113.0,164.0,-51.0,0.0,-51.0,0.6604938271604939,66.0493827160494,0.033448908831327756,3.3448908831327757,1.4513274336283186,145.13274336283186,1.4513274336283186,6.0,6.0,0.05309734513274336,5.3097345132743365,-57.0,0.0,0.0,0.0,6.0,2025,1,January,2025-01,1,Wednesday,Weekday,0.825409243875357,0.032804717050838386,2.6594954168981295,82.00476126781233,False,False,False,False,False,False,False,False
2025-01-16,106.0,196.0,131.0,4881,159.0,106.0,159.0,-53.0,0.0,-53.0,0.6683673469387755,66.83673469387756,0.032575291948371235,3.2575291948371237,1.5,150.0,1.5,-25.0,0.0,0.0,0.0,-28.0,0.0,0.0,0.0,0.0,2025,1,January,2025-01,1,Thursday,Weekday,0.8090142177065419,0.03412675031607626,2.5814734388761518,85.2614447547074,False,False,False,False,False,False,False,False
2025-01-19,86.0,152.0,168.0,4628,176.0,86.0,176.0,-90.0,0.0,-90.0,1.105263157894737,110.5263157894737,0.03802938634399308,3.8029386343993083,2.046511627906977,204.6511627906977,2.046511627906977,-82.0,0.0,0.0,0.0,-8.0,0.0,0.0,0.0,0.0,2025,1,January,2025-01,1,Sunday,Weekend,0.8204803831200758,0.034869829466275856,2.182102919554592,85.24744634418145,False,False,False,False,False,False,False,False
2025-01-20,84.0,118.0,136.0,4638,127.0,84.0,127.0,-43.0,0.0,-43.0,1.152542372881356,115.2542372881356,0.02738249245364381,2.738249245364381,1.5119047619047619,151.19047619047618,1.5119047619047619,-52.0,0.0,0.0,0.0,9.0,9.0,0.0661764705882353,6.61764705882353,9.0,2025,1,January,2025-01,1,Monday,Weekday,0.8666623945769941,0.03452728843906935,1.9797219671736397,84.30735160421511,False,False,False,False,False,False,False,False
2025-01-21,59.0,64.0,117.0,4728,54.0,59.0,54.0,5.0,5.0,0.0,1.828125,182.8125,0.011421319796954314,1.1421319796954315,0.9152542372881356,91.52542372881356,0.9152542372881356,-58.0,0.0,0.0,0.0,63.0,63.0,0.5384615384615384,53.84615384615385,63.0,2025,1,January,2025-01,1,Tuesday,Weekday,1.0168661047018208,0.02956593057816966,1.6568046188325625,76.88071973490051,False,False,False,False,False,False,False,False
2025-01-22,62.0,97.0,52.0,4717,83.0,62.0,83.0,-21.0,0.0,-21.0,0.5360824742268041,53.608247422680414,0.017595929616281536,1.7595929616281536,1.3387096774193548,133.8709677419355,1.3387096774193548,10.0,10.0,0.16129032258064516,16.129032258064516,-31.0,0.0,0.0,0.0,10.0,2025,1,January,2025-01,1,Wednesday,Weekday,0.957267739871738,0.026927783273473702,1.4677967576235627,74.18822590255861,False,False,False,False,False,False,False,False
2025-01-23,91.0,75.0,97.0,4621,174.0,91.0,174.0,-83.0,0.0,-83.0,1.2933333333333332,129.33333333333331,0.03765418740532352,3.7654187405323523,1.9120879120879122,191.2087912087912,1.9120879120879122,-6.0,0.0,0.0,0.0,-77.0,0.0,0.0,0.0,0.0,2025,1,January,2025-01,1,Thursday,Weekday,1.0348867874907857,0.02830107377084218,1.5251136643193515,73.46021348510699,False,False,False,False,False,False,False,False
2025-01-26,29.0,51.0,11.0,4241,182.0,29.0,182.0,-153.0,0.0,-153.0,0.21568627450980393,21.568627450980394,0.042914406979485974,4.291440697948597,6.275862068965517,627.5862068965517,6.275862068965517,18.0,18.0,0.6206896551724138,62.06896551724138,-171.0,0.0,0.0,0.0,18.0,2025,1,January,2025-01,1,Sunday,Weekend,0.9713428513978298,0.029653287792007637,2.2143328979389514,71.95446601833697,True,False,True,False,False,False,False,False
2025-01-27,33.0,53.0,34.0,4161,127.0,33.0,127.0,-94.0,0.0,-94.0,0.6415094339622641,64.15094339622641,0.030521509252583512,3.052150925258351,3.8484848484848486,384.8484848484849,3.8484848484848486,-1.0,0.0,0.0,0.0,-93.0,0.0,0.0,0.0,0.0,2025,1,January,2025-01,1,Monday,Weekday,0.9675060066868998,0.029359890264037965,2.5498307334367865,71.85984464629107,False,False,False,False,False,False,False,False
2025-01-28,32.0,49.0,39.0,4096,101.0,32.0,101.0,-69.0,0.0,-69.0,0.7959183673469388,79.59183673469387,0.024658203125,2.4658203125,3.15625,315.625,3.15625,-7.0,0.0,0.0,0.0,-62.0,0.0,0.0,0.0,0.0,2025,1,January,2025-01,1,Tuesday,Weekday,0.9233138937515,0.027449721232753237,2.708364786592933,71.5535963354523,False,False,False,False,False,False,False,False
2025-01-29,32.0,50.0,39.0,4036,99.0,32.0,99.0,-67.0,0.0,-67.0,0.78,78.0,0.024529236868186324,2.4529236868186324,3.09375,309.375,3.09375,-7.0,0.0,0.0,0.0,-60.0,0.0,0.0,0.0,0.0,2025,1,January,2025-01,1,Wednesday,Weekday,0.8700935547684493,0.027042113291973598,2.9343426777493953,71.14299972403887,False,False,False,False,False,False,False,False
2025-01-30,47.0,42.0,47.0,3923,159.0,47.0,159.0,-112.0,0.0,-112.0,1.119047619047619,111.90476190476191,0.04053020647463676,4.053020647463676,3.382978723404255,338.2978723404255,3.382978723404255,0.0,0.0,0.0,0.0,-112.0,0.0,0.0,0.0,0.0,2025,1,January,2025-01,1,Thursday,Weekday,0.7687967860609662,0.03120052567449966,3.2868747471945556,76.70410080110078,False,False,False,False,False,False,False,False
2025-02-02,20.0,22.0,41.0,3483,168.0,20.0,168.0,-148.0,0.0,-148.0,1.8636363636363635,186.36363636363635,0.04823428079242033,4.823428079242033,8.4,840.0,8.4,-21.0,0.0,0.0,0.0,-127.0,0.0,0.0,0.0,0.0,2025,2,February,2025-02,1,Sunday,Weekend,0.9584473416909033,0.035577432985376634,4.295630507563219,79.42368771574115,False,False,False,False,False,False,False,False
2025-02-03,23.0,45.0,11.0,3403,102.0,23.0,102.0,-79.0,0.0,-79.0,0.24444444444444444,24.444444444444443,0.02997355274757567,2.9973552747575667,4.434782608695652,443.47826086956525,4.434782608695652,12.0,12.0,0.5217391304347826,52.17391304347826,-91.0,0.0,0.0,0.0,12.0,2025,2,February,2025-02,1,Monday,Weekday,0.8086060718496334,0.03448019946284122,4.6560154642214675,78.60620904808194,True,False,True,False,False,False,False,False
2025-02-04,34.0,54.0,29.0,3359,74.0,34.0,74.0,-40.0,0.0,-40.0,0.5370370370370371,53.70370370370371,0.022030366180410838,2.2030366180410836,2.176470588235294,217.6470588235294,2.176470588235294,5.0,5.0,0.14705882352941177,14.705882352941178,-45.0,0.0,0.0,0.0,5.0,2025,2,February,2025-02,1,Tuesday,Weekday,0.8545133236392382,0.03149676506297335,4.070388109831436,76.6894206091572,False,False,False,False,False,False,False,False
2025-02-05,26.0,36.0,36.0,3290,104.0,26.0,104.0,-78.0,0.0,-78.0,1.0,100.0,0.031610942249240125,3.1610942249240126,4.0,400.0,4.0,-10.0,0.0,0.0,0.0,-68.0,0.0,0.0,0.0,0.0,2025,2,February,2025-02,1,Wednesday,Weekday,0.905726261644629,0.03165239834821,4.092033131476457,76.79538917484317,False,False,False,False,False,False,False,False
2025-02-06,25.0,32.0,27.0,3181,145.0,25.0,145.0,-120.0,0.0,-120.0,0.84375,84.375,0.045583149952845015,4.558314995284501,5.8,580.0,5.8,-2.0,0.0,0.0,0.0,-118.0,0.0,0.0,0.0,0.0,2025,2,February,2025-02,1,Thursday,Weekday,0.9125593520236377,0.03464167646647358,4.469711702905029,77.15248497544225,False,False,False,False,False,False,False,False
2025-02-09,15.0,13.0,23.0,2878,99.0,15.0,99.0,-84.0,0.0,-84.0,1.7692307692307692,176.9230769230769,0.03439888811674774,3.439888811674774,6.6,660.0,6.6,-8.0,0.0,0.0,0.0,-76.0,0.0,0.0,0.0,0.0,2025,2,February,2025-02,1,Sunday,Weekend,1.053878033342319,0.0360516266448395,4.970604560047886,79.55065116580766,False,False,False,False,False,False,False,False
2025-02-10,16.0,18.0,15.0,2834,63.0,16.0,63.0,-47.0,0.0,-47.0,0.8333333333333334,83.33333333333334,0.022230063514467185,2.2230063514467187,3.9375,393.75,3.9375,1.0,1.0,0.0625,6.25,-48.0,0.0,0.0,0.0,1.0,2025,2,February,2025-02,1,Monday,Weekday,1.0130617068117067,0.03343732050767241,5.049821885275849,76.42333107356704,False,False,False,False,False,False,False,False
2025-02-11,11.0,22.0,12.0,2799,50.0,11.0,50.0,-39.0,0.0,-39.0,0.5454545454545454,54.54545454545454,0.01786352268667381,1.7863522686673812,4.545454545454546,454.54545454545456,4.545454545454546,-1.0,0.0,0.0,0.0,-38.0,0.0,0.0,0.0,0.0,2025,2,February,2025-02,1,Tuesday,Weekday,0.8247500185000185,0.029098640778280057,4.499172534626498,75.5815603084713,False,False,False,False,False,False,False,False
2025-02-12,16.0,20.0,20.0,2752,66.0,16.0,66.0,-50.0,0.0,-50.0,1.0,100.0,0.023982558139534885,2.3982558139534884,4.125,412.5,4.125,-4.0,0.0,0.0,0.0,-46.0,0.0,0.0,0.0,0.0,2025,2,February,2025-02,1,Wednesday,Weekday,0.9326865264365265,0.0282427844057028,4.454917876241406,74.6731116435841,False,False,False,False,False,False,False,False
2025-02-13,15.0,10.0,23.0,2703,72.0,15.0,72.0,-57.0,0.0,-57.0,2.3,229.99999999999997,0.026637069922308545,2.6637069922308543,4.8,480.0,4.8,-8.0,0.0,0.0,0.0,-49.0,0.0,0.0,0.0,0.0,2025,2,February,2025-02,1,Thursday,Weekday,1.1845383782883783,0.028900884940259615,4.829707792207792,75.78760217209143,False,False,False,False,False,False,False,False
2025-02-17,8.0,17.0,14.0,2532,15.0,8.0,15.0,-7.0,0.0,-7.0,0.8235294117647058,82.35294117647058,0.005924170616113744,0.5924170616113744,1.875,187.5,1.875,-6.0,0.0,0.0,0.0,-1.0,0.0,0.0,0.0,0.0,2025,2,February,2025-02,1,Monday,Weekday,1.159328294254765,0.025231346135527275,4.526136363636364,66.86709137787572,False,False,False,False,False,False,False,True
2025-02-18,18.0,19.0,11.0,2536,9.0,18.0,9.0,9.0,9.0,0.0,0.5789473684210527,57.89473684210527,0.003548895899053628,0.3548895899053628,0.5,50.0,0.5,7.0,7.0,0.3888888888888889,38.88888888888889,2.0,2.0,0.18181818181818182,18.181818181818183,9.0,2025,2,February,2025-02,1,Tuesday,Weekday,1.121499346886344,0.019226452699271365,3.7689935064935063,63.36542997327251,False,False,False,False,False,False,False,True
2025-02-19,12.0,17.0,17.0,2528,19.0,12.0,19.0,-7.0,0.0,-7.0,1.0,100.0,0.007515822784810127,0.7515822784810127,1.5833333333333333,158.33333333333331,1.5833333333333333,-5.0,0.0,0.0,0.0,-2.0,0.0,0.0,0.0,0.0,2025,2,February,2025-02,1,Wednesday,Weekday,1.011609236996234,0.015386014794708846,3.05232683982684,61.74881528445924,False,False,False,False,False,False,False,True
2025-02-20,13.0,25.0,15.0,2520,32.0,13.0,32.0,-19.0,0.0,-19.0,0.6,60.0,0.012698412698412698,1.2698412698412698,2.4615384615384617,246.15384615384616,2.4615384615384617,-2.0,0.0,0.0,0.0,-17.0,0.0,0.0,0.0,0.0,2025,2,February,2025-02,1,Thursday,Weekday,0.9782759036629006,0.01402435039241535,2.8414751914751912,60.753809710573776,False,False,False,False,False,False,False,False
2025-02-23,7.0,16.0,8.0,2423,35.0,7.0,35.0,-28.0,0.0,-28.0,0.5,50.0,0.014444903012794058,1.4444903012794057,5.0,500.0,5.0,-1.0,0.0,0.0,0.0,-27.0,0.0,0.0,0.0,0.0,2025,2,February,2025-02,1,Sunday,Weekend,0.9717823971693941,0.013535976153289669,2.9064102564102563,60.30739330749414,True,False,True,False,False,False,False,False
2025-02-24,20.0,22.0,14.0,2413,24.0,20.0,24.0,-4.0,0.0,-4.0,0.6363636363636364,63.63636363636363,0.009946125155408206,0.9946125155408205,1.2,120.0,1.2,6.0,6.0,0.3,30.0,-10.0,0.0,0.0,0.0,6.0,2025,2,February,2025-02,1,Monday,Weekday,0.9198343452213421,0.011530771441271572,2.4885531135531136,60.09256459274567,False,False,False,False,False,False,False,False
2025-02-25,11.0,7.0,7.0,2413,23.0,11.0,23.0,-12.0,0.0,-12.0,1.0,100.0,0.009531703273932863,0.9531703273932863,2.090909090909091,209.0909090909091,2.090909090909091,4.0,4.0,0.36363636363636365,36.36363636363637,-16.0,0.0,0.0,0.0,4.0,2025,2,February,2025-02,1,Tuesday,Weekday,0.7341200595070564,0.00908714763436076,2.1015401265401263,70.61105929764412,False,False,False,False,False,False,False,False
2025-02-26,12.0,21.0,1.0,2411,23.0,12.0,23.0,-11.0,0.0,-11.0,0.047619047619047616,4.761904761904762,0.00953961012028204,0.953961012028204,1.9166666666666667,191.66666666666669,1.9166666666666667,11.0,11.0,0.9166666666666666,91.66666666666666,-22.0,0.0,0.0,0.0,11.0,2025,2,February,2025-02,1,Wednesday,Weekday,0.6232757217719624,0.00960363899209909,2.1074925074925073,73.20215011425883,True,False,True,False,False,False,False,False
2025-02-27,10.0,15.0,17.0,2391,37.0,10.0,37.0,-27.0,0.0,-27.0,1.1333333333333333,113.33333333333333,0.01547469677959013,1.547469677959013,3.7,370.0,3.7,-7.0,0.0,0.0,0.0,-20.0,0.0,0.0,0.0,0.0,2025,2,February,2025-02,1,Thursday,Weekday,0.7024737167594309,0.01130732483217573,2.5646353646353646,79.39760810179601,False,False,False,False,False,False,False,False
2025-03-02,12.0,24.0,4.0,2297,31.0,12.0,31.0,-19.0,0.0,-19.0,0.16666666666666666,16.666666666666664,0.013495864170657379,1.349586417065738,2.5833333333333335,258.33333333333337,2.5833333333333335,8.0,8.0,0.6666666666666666,66.66666666666666,-27.0,0.0,0.0,0.0,8.0,2025,3,March,2025-03,1,Sunday,Weekend,0.583426097711812,0.012161616458725337,2.7074925074925074,83.0513806954738,True,False,True,False,False,False,False,False
2025-03-03,8.0,29.0,18.0,2287,25.0,8.0,25.0,-17.0,0.0,-17.0,0.6206896551724138,62.06896551724138,0.010931351114997814,1.0931351114997814,3.125,312.5,3.125,-10.0,0.0,0.0,0.0,-7.0,0.0,0.0,0.0,0.0,2025,3,March,2025-03,1,Monday,Weekday,0.5863817627364425,0.01190917908966607,2.8022727272727272,82.60466254052464,False,False,False,False,False,False,False,False
2025-03-04,4.0,25.0,10.0,2272,30.0,4.0,30.0,-26.0,0.0,-26.0,0.4,40.0,0.013204225352112676,1.3204225352112675,7.5,750.0,7.5,-6.0,0.0,0.0,0.0,-20.0,0.0,0.0,0.0,0.0,2025,3,March,2025-03,1,Tuesday,Weekday,0.5720960484507283,0.011731939423854445,3.1594155844155845,83.38993400314988,False,False,False,False,False,False,False,False
2025-03-05,5.0,20.0,4.0,2238,40.0,5.0,40.0,-35.0,0.0,-35.0,0.2,20.0,0.017873100983020553,1.7873100983020553,8.0,800.0,8.0,1.0,1.0,0.2,20.0,-36.0,0.0,0.0,0.0,1.0,2025,3,March,2025-03,1,Wednesday,Weekday,0.5097583861130659,0.01286436454208478,4.130844155844156,80.49352868774393,True,False,True,False,False,False,False,False
2025-03-06,7.0,27.0,6.0,2218,33.0,7.0,33.0,-26.0,0.0,-26.0,0.2222222222222222,22.22222222222222,0.014878268710550046,1.4878268710550047,4.714285714285714,471.42857142857144,4.714285714285714,1.0,1.0,0.14285714285714285,14.285714285714285,-27.0,0.0,0.0,0.0,1.0,2025,3,March,2025-03,1,Thursday,Weekday,0.39864727500195485,0.013628159604458663,4.50561224489796,82.93534008285154,True,False,True,False,False,False,False,False
2025-03-09,12.0,25.0,15.0,2137,30.0,12.0,30.0,-18.0,0.0,-18.0,0.6,60.0,0.014038371548900327,1.4038371548900328,2.5,250.0,2.5,-3.0,0.0,0.0,0.0,-15.0,0.0,0.0,0.0,0.0,2025,3,March,2025-03,1,Sunday,Weekend,0.47755883962780515,0.014270839808546988,4.588945578231292,86.90605967135714,False,False,False,False,False,False,False,False
2025-03-10,6.0,28.0,8.0,2125,23.0,6.0,23.0,-17.0,0.0,-17.0,0.2857142857142857,28.57142857142857,0.010823529411764706,1.0823529411764705,3.8333333333333335,383.33333333333337,3.8333333333333335,-2.0,0.0,0.0,0.0,-15.0,0.0,0.0,0.0,0.0,2025,3,March,2025-03,1,Monday,Weekday,0.35647040425365545,0.013606387327429071,4.607993197278911,84.90997715895737,False,False,False,False,False,False,False,False
2025-03-11,3.0,11.0,7.0,2116,20.0,3.0,20.0,-17.0,0.0,-17.0,0.6363636363636364,63.63636363636363,0.00945179584120983,0.945179584120983,6.666666666666667,666.6666666666667,6.666666666666667,-4.0,0.0,0.0,0.0,-13.0,0.0,0.0,0.0,0.0,2025,3,March,2025-03,1,Tuesday,Weekday,0.42356997135322266,0.013028663280365135,5.191326530612245,81.8626187640908,False,False,False,False,False,False,False,False
2025-03-12,6.0,18.0,2.0,2113,8.0,6.0,8.0,-2.0,0.0,-2.0,0.1111111111111111,11.11111111111111,0.003786086133459536,0.37860861334595364,1.3333333333333333,133.33333333333331,1.3333333333333333,4.0,4.0,0.6666666666666666,66.66666666666666,-6.0,0.0,0.0,0.0,4.0,2025,3,March,2025-03,1,Wednesday,Weekday,0.3507730364873222,0.012007911140145381,4.935374149659864,72.55979448477197,True,False,True,False,False,False,False,True
2025-03-13,4.0,20.0,9.0,2116,6.0,4.0,6.0,-2.0,0.0,-2.0,0.45,45.0,0.002835538752362949,0.28355387523629494,1.5,150.0,1.5,-5.0,0.0,0.0,0.0,3.0,3.0,0.3333333333333333,33.33333333333333,3.0,2025,3,March,2025-03,1,Thursday,Weekday,0.35791589363017934,0.010526670197323992,4.078231292517007,65.10071878001165,False,False,False,False,False,False,False,True
2025-03-16,1.0,9.0,8.0,2117,5.0,1.0,5.0,-4.0,0.0,-4.0,0.8888888888888888,88.88888888888889,0.0023618327822390174,0.23618327822390173,5.0,500.0,5.0,-7.0,0.0,0.0,0.0,3.0,3.0,0.375,37.5,3.0,2025,3,March,2025-03,1,Sunday,Weekend,0.4563285920428778,0.008310774740069488,3.6496598639455784,61.000149264451274,False,False,False,False,False,False,False,True
2025-03-17,5.0,14.0,0.0,2111,8.0,5.0,8.0,-3.0,0.0,-3.0,0.0,0.0,0.0037896731406916154,0.37896731406916156,1.6,160.0,1.6,5.0,5.0,1.0,100.0,-8.0,0.0,,,5.0,2025,3,March,2025-03,1,Monday,Weekday,0.424582560296846,0.0067266896586611405,3.204761904761905,59.18274280066212,True,False,True,False,False,False,False,True
2025-03-18,19.0,34.0,6.0,2109,8.0,19.0,8.0,11.0,11.0,0.0,0.17647058823529413,17.647058823529413,0.003793266951161688,0.3793266951161688,0.42105263157894735,42.10526315789473,0.42105263157894735,13.0,13.0,0.6842105263157895,68.42105263157895,-2.0,0.0,0.0,0.0,13.0,2025,3,March,2025-03,1,Tuesday,Weekday,0.3640783586161737,0.005263103287555621,2.9077694235588973,60.76566138322104,True,False,True,False,False,False,False,True
2025-03-19,6.0,22.0,14.0,2119,9.0,6.0,9.0,-3.0,0.0,-3.0,0.6363636363636364,63.63636363636363,0.004247286455875413,0.4247286455875413,1.5,150.0,1.5,-8.0,0.0,0.0,0.0,5.0,5.0,0.35714285714285715,35.714285714285715,5.0,2025,3,March,2025-03,1,Wednesday,Weekday,0.4141711229946524,0.004323640008142864,2.574436090225564,64.75680488262593,False,False,False,False,False,False,False,True
2025-03-20,9.0,20.0,11.0,2124,7.0,9.0,7.0,2.0,2.0,0.0,0.55,55.00000000000001,0.003295668549905838,0.3295668549905838,0.7777777777777778,77.77777777777779,0.7777777777777778,-2.0,0.0,0.0,0.0,4.0,4.0,0.36363636363636365,36.36363636363637,4.0,2025,3,March,2025-03,1,Thursday,Weekday,0.40183346065699005,0.0034441932522422942,1.7331662489557227,84.03969371893754,False,False,False,False,False,False,False,True
2025-03-23,15.0,29.0,9.0,2136,2.0,15.0,2.0,13.0,13.0,0.0,0.3103448275862069,31.03448275862069,0.0009363295880149813,0.09363295880149813,0.13333333333333333,13.333333333333334,0.13333333333333333,6.0,6.0,0.4,40.0,7.0,7.0,0.7777777777777778,77.77777777777779,13.0,2025,3,March,2025-03,1,Sunday,Weekend,0.4302954201534323,0.003037085174321643,1.5617376775271512,72.98891217816836,True,True,True,False,False,False,False,True
2025-03-24,7.0,13.0,11.0,2139,7.0,7.0,7.0,0.0,0.0,0.0,0.8461538461538461,84.61538461538461,0.0032725572697522207,0.3272557269752221,1.0,100.0,1.0,-4.0,0.0,0.0,0.0,4.0,4.0,0.36363636363636365,36.36363636363637,4.0,2025,3,March,2025-03,1,Monday,Weekday,0.4868888267468389,0.003099516391091539,1.4903091060985798,73.4042505687002,False,False,False,False,False,False,False,True
2025-03-25,12.0,19.0,7.0,2145,6.0,12.0,6.0,6.0,6.0,0.0,0.3684210526315789,36.84210526315789,0.002797202797202797,0.27972027972027974,0.5,50.0,0.5,5.0,5.0,0.4166666666666667,41.66666666666667,1.0,1.0,0.14285714285714285,14.285714285714285,6.0,2025,3,March,2025-03,1,Tuesday,Weekday,0.4125362787100803,0.0031617121075149363,0.847451963241437,74.41889262351408,True,False,True,False,False,False,False,True
2025-03-26,9.0,21.0,15.0,2159,2.0,9.0,2.0,7.0,7.0,0.0,0.7142857142857143,71.42857142857143,0.0009263547938860583,0.09263547938860583,0.2222222222222222,22.22222222222222,0.2222222222222222,-6.0,0.0,0.0,0.0,13.0,13.0,0.8666666666666667,86.66666666666667,13.0,2025,3,March,2025-03,1,Wednesday,Weekday,0.514577095036611,0.002752666629399857,0.65062656641604,67.52196680705813,False,True,True,False,False,False,False,True
2025-03-27,1.0,19.0,13.0,2159,2.0,1.0,2.0,-1.0,0.0,-1.0,0.6842105263157895,68.42105263157895,0.0009263547938860583,0.09263547938860583,2.0,200.0,2.0,-12.0,0.0,0.0,0.0,11.0,11.0,0.8461538461538461,84.61538461538461,11.0,2025,3,March,2025-03,1,Thursday,Weekday,0.5871113719052532,0.002343107749789052,0.8761904761904761,62.76142477300706,False,True,True,False,False,False,False,True
2025-03-30,9.0,20.0,5.0,2188,2.0,9.0,2.0,7.0,7.0,0.0,0.25,25.0,0.0009140767824497258,0.09140767824497258,0.2222222222222222,22.22222222222222,0.2222222222222222,4.0,4.0,0.4444444444444444,44.44444444444444,3.0,3.0,0.6,60.0,7.0,2025,3,March,2025-03,1,Sunday,Weekend,0.531916566710448,0.0018669349392996684,0.6936507936507936,61.17154050572295,True,False,True,False,False,False,False,True
2025-03-31,9.0,25.0,8.0,2193,5.0,9.0,5.0,4.0,4.0,0.0,0.32,32.0,0.002279981760145919,0.22799817601459188,0.5555555555555556,55.55555555555556,0.5555555555555556,1.0,1.0,0.1111111111111111,11.11111111111111,3.0,3.0,0.375,37.5,4.0,2025,3,March,2025-03,1,Monday,Weekday,0.49905942385330515,0.001721836826476823,0.661904761904762,62.49276767369603,True,False,True,False,False,False,False,True
2025-04-01,17.0,36.0,7.0,2191,12.0,17.0,12.0,5.0,5.0,0.0,0.19444444444444445,19.444444444444446,0.005476951163852123,0.5476951163852123,0.7058823529411765,70.58823529411765,0.7058823529411765,10.0,10.0,0.5882352941176471,58.82352941176471,-5.0,0.0,0.0,0.0,10.0,2025,4,April,2025-04,2,Tuesday,Weekday,0.48250222626162476,0.0023704970515964147,0.7436974789915966,58.51508704418489,True,False,True,False,False,False,False,True
2025-04-02,5.0,31.0,16.0,2208,3.0,5.0,3.0,2.0,2.0,0.0,0.5161290322580645,51.61290322580645,0.001358695652173913,0.1358695652173913,0.6,60.0,0.6,-11.0,0.0,0.0,0.0,13.0,13.0,0.8125,81.25,13.0,2025,4,April,2025-04,2,Wednesday,Weekday,0.4353558242765131,0.0020970882490852277,0.6865546218487395,55.74288216513542,False,True,True,False,False,False,False,True
2025-04-03,12.0,26.0,18.0,2223,8.0,12.0,8.0,4.0,4.0,0.0,0.6923076923076923,69.23076923076923,0.003598740440845704,0.3598740440845704,0.6666666666666666,66.66666666666666,0.6666666666666666,-6.0,0.0,0.0,0.0,10.0,10.0,0.5555555555555556,55.55555555555556,10.0,2025,4,April,2025-04,2,Thursday,Weekday,0.4816253442302436,0.0022115936267485003,0.7103641456582633,55.872190454490394,False,True,True,False,False,False,False,True
2025-04-06,7.0,14.0,7.0,2234,11.0,7.0,11.0,-4.0,0.0,-4.0,0.5,50.0,0.004923903312444047,0.4923903312444047,1.5714285714285714,157.14285714285714,1.5714285714285714,0.0,0.0,0.0,0.0,-4.0,0.0,0.0,0.0,0.0,2025,4,April,2025-04,2,Sunday,Weekend,0.4510130993322844,0.0027826719865424983,0.903107909830599,59.38710976575738,True,False,True,False,False,False,False,True
2025-04-07,12.0,22.0,9.0,2237,5.0,12.0,5.0,7.0,7.0,0.0,0.4090909090909091,40.909090909090914,0.002235136343316942,0.22351363433169422,0.4166666666666667,41.66666666666667,0.4166666666666667,3.0,3.0,0.25,25.0,4.0,4.0,0.4444444444444444,44.44444444444444,7.0,2025,4,April,2025-04,2,Monday,Weekday,0.4117102968715872,0.002969640779318339,0.6769174336401227,62.94497147396143,True,False,True,False,False,False,False,True
2025-04-08,12.0,34.0,12.0,2243,9.0,12.0,9.0,3.0,3.0,0.0,0.35294117647058826,35.294117647058826,0.004012483281319661,0.4012483281319661,0.75,75.0,0.75,0.0,0.0,0.0,0.0,3.0,3.0,0.25,25.0,3.0,2025,4,April,2025-04,2,Tuesday,Weekday,0.42641617922452835,0.003412270279156901,0.7523142590369483,69.20913747856306,True,False,True,False,False,False,False,True
2025-04-09,6.0,19.0,10.0,2251,5.0,6.0,5.0,1.0,1.0,0.0,0.5263157894736842,52.63157894736842,0.002221235006663705,0.2221235006663705,0.8333333333333334,83.33333333333334,0.8333333333333334,-4.0,0.0,0.0,0.0,5.0,5.0,0.5,50.0,5.0,2025,4,April,2025-04,2,Wednesday,Weekday,0.45588986343505467,0.003403877885802299,0.7919967987194878,69.05216152367049,False,False,False,False,False,False,False,True
2025-04-10,18.0,25.0,17.0,2265,6.0,18.0,6.0,12.0,12.0,0.0,0.68,68.0,0.0026490066225165563,0.26490066225165565,0.3333333333333333,33.33333333333333,0.3333333333333333,1.0,1.0,0.05555555555555555,5.555555555555555,11.0,11.0,0.6470588235294118,64.70588235294117,12.0,2025,4,April,2025-04,2,Thursday,Weekday,0.5252549428001341,0.002999885808468647,0.7387755102040817,70.90282945004783,False,True,True,False,False,False,False,True
2025-04-11,8.0,22.0,8.0,2267,9.0,8.0,9.0,-1.0,0.0,-1.0,0.36363636363636365,36.36363636363637,0.003970004411116012,0.3970004411116012,1.125,112.5,1.125,0.0,0.0,0.0,0.0,-1.0,0.0,0.0,0.0,0.0,2025,4,April,2025-04,2,Friday,Weekday,0.5034702758541768,0.0033729299168889465,0.8137755102040816,76.60412805430165,True,False,True,False,False,False,False,True
2025-04-13,5.0,26.0,10.0,2283,3.0,5.0,3.0,2.0,2.0,0.0,0.38461538461538464,38.46153846153847,0.001314060446780552,0.1314060446780552,0.6,60.0,0.6,-5.0,0.0,0.0,0.0,7.0,7.0,0.7,70.0,7.0,2025,4,April,2025-04,2,Sunday,Weekend,0.4595142318981328,0.003046547060593925,0.8042517006802722,70.43753174097742,False,True,True,False,False,False,False,True
2025-04-14,5.0,26.0,9.0,2282,13.0,5.0,13.0,-8.0,0.0,-8.0,0.34615384615384615,34.61538461538461,0.0056967572304995615,0.5696757230499562,2.6,260.0,2.6,-4.0,0.0,0.0,0.0,-4.0,0.0,0.0,0.0,0.0,2025,4,April,2025-04,2,Monday,Weekday,0.43753620992011083,0.003156954763173284,0.9511904761904761,68.01589657569936,False,False,False,False,False,False,False,True
2025-04-15,4.0,19.0,12.0,2286,7.0,4.0,7.0,-3.0,0.0,-3.0,0.631578947368421,63.1578947368421,0.0030621172353455816,0.30621172353455817,1.75,175.0,1.75,-8.0,0.0,0.0,0.0,5.0,5.0,0.4166666666666667,41.66666666666667,5.0,2025,4,April,2025-04,2,Tuesday,Weekday,0.46932021538832686,0.0032750948906059467,1.1416666666666668,69.59421990699313,False,False,False,False,False,False,False,True
2025-04-16,11.0,30.0,5.0,2291,8.0,11.0,8.0,3.0,3.0,0.0,0.16666666666666666,16.666666666666664,0.003491924923614142,0.3491924923614142,0.7272727272727273,72.72727272727273,0.7272727272727273,6.0,6.0,0.5454545454545454,54.54545454545454,-3.0,0.0,0.0,0.0,6.0,2025,4,April,2025-04,2,Wednesday,Weekday,0.4427095711306238,0.0032007294109337304,1.1384199134199136,69.57970036200288,True,False,True,False,False,False,False,True
2025-04-17,7.0,26.0,10.0,2288,14.0,7.0,14.0,-7.0,0.0,-7.0,0.38461538461538464,38.46153846153847,0.006118881118881119,0.6118881118881119,2.0,200.0,2.0,-3.0,0.0,0.0,0.0,-4.0,0.0,0.0,0.0,0.0,2025,4,April,2025-04,2,Thursday,Weekday,0.42246665615086665,0.0037575359983933604,1.30508658008658,68.97764940889239,False,False,False,False,False,False,False,True
2025-04-20,4.0,15.0,6.0,2305,4.0,4.0,4.0,0.0,0.0,0.0,0.4,40.0,0.0017353579175704988,0.1735357917570499,1.0,100.0,1.0,-2.0,0.0,0.0,0.0,2.0,2.0,0.3333333333333333,33.33333333333333,2.0,2025,4,April,2025-04,2,Sunday,Weekend,0.3824666561508666,0.0036270147548296385,1.4003246753246752,66.5861081778975,False,False,False,False,False,False,False,True
2025-04-21,10.0,25.0,5.0,2308,6.0,10.0,6.0,4.0,4.0,0.0,0.2,20.0,0.0025996533795493936,0.25996533795493937,0.6,60.0,0.6,5.0,5.0,0.5,50.0,-1.0,0.0,0.0,0.0,5.0,2025,4,April,2025-04,2,Monday,Weekday,0.35909003277424334,0.003431250321748693,1.3253246753246752,64.9643669665779,True,False,True,False,False,False,False,True
2025-04-22,7.0,19.0,14.0,2305,17.0,7.0,17.0,-10.0,0.0,-10.0,0.7368421052631579,73.68421052631578,0.00737527114967462,0.737527114967462,2.4285714285714284,242.85714285714283,2.4285714285714284,-7.0,0.0,0.0,0.0,-3.0,0.0,0.0,0.0,0.0,2025,4,April,2025-04,2,Tuesday,Weekday,0.40940813572392515,0.004297137565019274,1.5865491651205936,67.21020471500839,False,False,False,False,False,False,False,True
2025-04-23,3.0,23.0,4.0,2300,11.0,3.0,11.0,-8.0,0.0,-8.0,0.17391304347826086,17.391304347826086,0.004782608695652174,0.47826086956521735,3.6666666666666665,366.66666666666663,3.6666666666666665,-1.0,0.0,0.0,0.0,-7.0,0.0,0.0,0.0,0.0,2025,4,April,2025-04,2,Wednesday,Weekday,0.38480230677027016,0.004166544917183933,1.7389301175015461,67.3281363502114,True,False,True,False,False,False,False,True
2025-04-24,3.0,9.0,7.0,2294,13.0,3.0,13.0,-10.0,0.0,-10.0,0.7777777777777778,77.77777777777779,0.005666957279860506,0.5666957279860506,4.333333333333333,433.3333333333333,4.333333333333333,-4.0,0.0,0.0,0.0,-6.0,0.0,0.0,0.0,0.0,2025,4,April,2025-04,2,Thursday,Weekday,0.4056878539716068,0.004538664923543208,2.107977736549165,69.15432619060637,False,False,False,False,False,False,False,True
2025-04-27,9.0,40.0,12.0,2301,4.0,9.0,4.0,5.0,5.0,0.0,0.3,30.0,0.001738374619730552,0.1738374619730552,0.4444444444444444,44.44444444444444,0.4444444444444444,-3.0,0.0,0.0,0.0,8.0,8.0,0.6666666666666666,66.66666666666666,8.0,2025,4,April,2025-04,2,Sunday,Weekend,0.4247354730192258,0.004288157737274123,2.0675736961451245,65.39423066830611,False,True,True,False,False,False,False,True
2025-04-28,6.0,26.0,12.0,2307,8.0,6.0,8.0,-2.0,0.0,-2.0,0.46153846153846156,46.15384615384615,0.0034677069787602947,0.3467706978760295,1.3333333333333333,133.33333333333331,1.3333333333333333,-6.0,0.0,0.0,0.0,4.0,4.0,0.3333333333333333,33.33333333333333,4.0,2025,4,April,2025-04,2,Monday,Weekday,0.4357244840082369,0.00390941857439972,1.972335600907029,64.73476457878053,False,False,False,False,False,False,False,True
2025-04-29,11.0,25.0,11.0,2304,15.0,11.0,15.0,-4.0,0.0,-4.0,0.44,44.0,0.006510416666666667,0.6510416666666667,1.3636363636363635,136.36363636363635,1.3636363636363635,0.0,0.0,0.0,0.0,-4.0,0.0,0.0,0.0,0.0,2025,4,April,2025-04,2,Tuesday,Weekday,0.44143876972252255,0.004591569824270601,2.024283652855081,68.80762948719956,True,False,True,False,False,False,False,True
2025-04-30,7.0,34.0,9.0,2309,12.0,7.0,12.0,-5.0,0.0,-5.0,0.2647058823529412,26.47058823529412,0.00519705500216544,0.5197055002165439,1.7142857142857142,171.42857142857142,1.7142857142857142,-2.0,0.0,0.0,0.0,-3.0,0.0,0.0,0.0,0.0,2025,4,April,2025-04,2,Wednesday,Weekday,0.4506824672015141,0.004962627198930036,2.183467326324469,72.42029799903867,False,False,False,False,False,False,False,True
2025-05-01,13.0,32.0,14.0,2306,16.0,13.0,16.0,-3.0,0.0,-3.0,0.4375,43.75,0.006938421509106678,0.6938421509106678,1.2307692307692308,123.07692307692308,1.2307692307692308,-1.0,0.0,0.0,0.0,-2.0,0.0,0.0,0.0,0.0,2025,5,May,2025-05,2,Thursday,Weekday,0.40791930930677733,0.004900220107420331,2.0123527266384404,73.1118915789697,True,False,True,False,False,False,False,True
2025-05-04,9.0,31.0,10.0,2335,5.0,9.0,5.0,4.0,4.0,0.0,0.3225806451612903,32.25806451612903,0.0021413276231263384,0.21413276231263384,0.5555555555555556,55.55555555555556,0.5555555555555556,-1.0,0.0,0.0,0.0,5.0,5.0,0.5,50.0,5.0,2025,5,May,2025-05,2,Sunday,Weekend,0.42915753811863866,0.00452289423991664,1.5679082821939965,68.44522963927913,True,False,True,False,False,False,False,True
2025-05-05,15.0,44.0,20.0,2331,17.0,15.0,17.0,-2.0,0.0,-2.0,0.45454545454545453,45.45454545454545,0.007293007293007293,0.7293007293007293,1.1333333333333333,113.33333333333333,1.1333333333333333,-5.0,0.0,0.0,0.0,3.0,3.0,0.15,15.0,3.0,2025,5,May,2025-05,2,Monday,Weekday,0.3829814919425925,0.004755187098937609,1.1107654250511394,67.28471376145211,False,False,False,False,False,False,False,True
2025-05-06,10.0,33.0,16.0,2339,16.0,10.0,16.0,-6.0,0.0,-6.0,0.48484848484848486,48.484848484848484,0.006840530141085934,0.6840530141085934,1.6,160.0,1.6,-6.0,0.0,0.0,0.0,0.0,0.0,0.0,0.0,0.0,2025,5,May,2025-05,2,Tuesday,Weekday,0.40938841834951895,0.005484066459131235,1.2758447901305043,73.43964443584797,False,False,False,False,False,False,False,True
2025-05-07,10.0,30.0,15.0,2335,10.0,10.0,10.0,0.0,0.0,0.0,0.5,50.0,0.004282655246252677,0.4282655246252677,1.0,100.0,1.0,-5.0,0.0,0.0,0.0,5.0,5.0,0.3333333333333333,33.33333333333333,5.0,2025,5,May,2025-05,2,Wednesday,Weekday,0.4148829238440244,0.005600487640201575,1.2282257425114569,75.01108513394497,False,False,False,False,False,False,False,True
2025-05-08,15.0,24.0,16.0,2361,11.0,15.0,11.0,4.0,4.0,0.0,0.6666666666666666,66.66666666666666,0.004659042778483694,0.46590427784836935,0.7333333333333333,73.33333333333333,0.7333333333333333,-1.0,0.0,0.0,0.0,5.0,5.0,0.3125,31.25,5.0,2025,5,May,2025-05,2,Thursday,Weekday,0.4472638762249768,0.0053360056561754365,1.1381824524681667,74.29314240578073,False,False,False,False,False,False,False,True
2025-05-11,15.0,20.0,12.0,2385,3.0,15.0,3.0,12.0,12.0,0.0,0.6,60.0,0.0012578616352201257,0.12578616352201258,0.2,20.0,0.2,3.0,3.0,0.2,20.0,9.0,9.0,0.75,75.0,12.0,2025,5,May,2025-05,2,Sunday,Weekend,0.49516303588884236,0.00477326374661182,0.9218559218559219,66.44950666595749,False,True,True,False,False,False,False,True
2025-05-12,7.0,33.0,14.0,2392,7.0,7.0,7.0,0.0,0.0,0.0,0.42424242424242425,42.42424242424242,0.002926421404682274,0.2926421404682274,1.0,100.0,1.0,-7.0,0.0,0.0,0.0,7.0,7.0,0.5,50.0,7.0,2025,5,May,2025-05,2,Monday,Weekday,0.49326909649490297,0.004200120874551191,0.888888888888889,64.78532369873723,False,True,True,False,False,False,False,True
2025-05-13,18.0,29.0,12.0,2394,11.0,18.0,11.0,7.0,7.0,0.0,0.41379310344827586,41.37931034482759,0.004594820384294068,0.4594820384294068,0.6111111111111112,61.111111111111114,0.6111111111111112,6.0,6.0,0.3333333333333333,33.33333333333333,1.0,1.0,0.08333333333333333,8.333333333333332,7.0,2025,5,May,2025-05,2,Tuesday,Weekday,0.506299447678758,0.004550619840432295,0.896825396825397,68.4771078567152,True,False,True,False,False,False,False,True
2025-05-14,7.0,30.0,14.0,2394,11.0,7.0,11.0,-4.0,0.0,-4.0,0.4666666666666667,46.666666666666664,0.004594820384294068,0.4594820384294068,1.5714285714285714,157.14285714285714,1.5714285714285714,-7.0,0.0,0.0,0.0,3.0,3.0,0.21428571428571427,21.428571428571427,3.0,2025,5,May,2025-05,2,Wednesday,Weekday,0.5080310494103598,0.004165164567758977,0.9594104308390022,70.76173723453027,False,False,False,False,False,False,False,True
2025-05-15,15.0,31.0,14.0,2410,14.0,15.0,14.0,1.0,1.0,0.0,0.45161290322580644,45.16129032258064,0.005809128630705394,0.5809128630705395,0.9333333333333333,93.33333333333333,0.9333333333333333,1.0,1.0,0.06666666666666667,6.666666666666667,0.0,0.0,0.0,0.0,1.0,2025,5,May,2025-05,2,Thursday,Weekday,0.5032831091785485,0.004017821494847472,0.864172335600907,73.06373793373147,True,False,True,False,False,False,False,True
2025-05-18,13.0,28.0,14.0,2437,9.0,13.0,9.0,4.0,4.0,0.0,0.5,50.0,0.0036930652441526466,0.3693065244152647,0.6923076923076923,69.23076923076923,0.6923076923076923,-1.0,0.0,0.0,0.0,5.0,5.0,0.35714285714285715,35.714285714285715,5.0,2025,5,May,2025-05,2,Sunday,Weekend,0.5032831091785486,0.003933594351690324,0.8202162916448631,72.65556772247275,True,False,True,False,False,False,False,True
2025-05-19,7.0,27.0,17.0,2457,6.0,7.0,6.0,1.0,1.0,0.0,0.6296296296296297,62.96296296296296,0.002442002442002442,0.2442002442002442,0.8571428571428571,85.71428571428571,0.8571428571428571,-10.0,0.0,0.0,0.0,11.0,11.0,0.6470588235294118,64.70588235294117,11.0,2025,5,May,2025-05,2,Monday,Weekday,0.4979921038875433,0.003616874303621574,0.8379033664747951,70.19822806264806,False,True,True,False,False,False,False,True
2025-05-21,14.0,62.0,13.0,2467,18.0,14.0,18.0,-4.0,0.0,-4.0,0.20967741935483872,20.967741935483872,0.007296311309282529,0.7296311309282529,1.2857142857142858,128.57142857142858,1.2857142857142858,1.0,1.0,0.07142857142857142,7.142857142857142,-5.0,0.0,0.0,0.0,1.0,2025,5,May,2025-05,2,Wednesday,Weekday,0.4422317352239488,0.004479509971344774,0.9930054072911216,72.73889406035646,True,False,True,False,False,False,False,True
2025-05-22,18.0,36.0,17.0,2473,15.0,18.0,15.0,3.0,3.0,0.0,0.4722222222222222,47.22222222222222,0.00606550748079256,0.606550748079256,0.8333333333333334,83.33333333333334,0.8333333333333334,1.0,1.0,0.05555555555555555,5.555555555555555,2.0,2.0,0.11764705882352941,11.76470588235294,3.0,2025,5,May,2025-05,2,Thursday,Weekday,0.44908599207820565,0.00492795083936053,0.9691958834815978,75.34244031920993,True,False,True,False,False,False,False,True
2025-05-27,6.0,24.0,7.0,2504,11.0,6.0,11.0,-5.0,0.0,-5.0,0.2916666666666667,29.166666666666668,0.00439297124600639,0.43929712460063897,1.8333333333333333,183.33333333333331,1.8333333333333333,-1.0,0.0,0.0,0.0,-4.0,0.0,0.0,0.0,0.0,2025,5,May,2025-05,2,Tuesday,Weekday,0.43163935825226146,0.004899115248176576,1.1437990580847723,75.1325324347319,True,False,True,False,False,False,False,True
2025-05-28,12.0,39.0,12.0,2499,14.0,12.0,14.0,-2.0,0.0,-2.0,0.3076923076923077,30.76923076923077,0.0056022408963585435,0.5602240896358543,1.1666666666666667,116.66666666666667,1.1666666666666667,0.0,0.0,0.0,0.0,-2.0,0.0,0.0,0.0,0.0,2025,5,May,2025-05,2,Wednesday,Weekday,0.4089287355416388,0.0050430324641857855,1.0859759288330717,75.52058202053819,True,False,True,False,False,False,False,True
2025-05-29,13.0,38.0,15.0,2506,11.0,13.0,11.0,2.0,2.0,0.0,0.39473684210526316,39.473684210526315,0.004389465283320032,0.4389465283320032,0.8461538461538461,84.61538461538461,0.8461538461538461,-2.0,0.0,0.0,0.0,4.0,4.0,0.26666666666666666,26.666666666666668,4.0,2025,5,May,2025-05,2,Thursday,Weekday,0.40080358395298976,0.004840223414559306,1.0735217163788593,75.0201221059784,False,False,False,False,False,False,False,True
2025-06-01,8.0,24.0,16.0,2528,12.0,8.0,12.0,-4.0,0.0,-4.0,0.6666666666666666,66.66666666666666,0.004746835443037975,0.4746835443037975,1.5,150.0,1.5,-8.0,0.0,0.0,0.0,4.0,4.0,0.25,25.0,4.0,2025,6,June,2025-06,2,Sunday,Weekend,0.4246131077625136,0.004990762014400067,1.1889063317634747,76.48944112699613,False,False,False,False,False,False,False,True
2025-06-02,10.0,19.0,5.0,2518,16.0,10.0,16.0,-6.0,0.0,-6.0,0.2631578947368421,26.31578947368421,0.006354249404289118,0.6354249404289118,1.6,160.0,1.6,5.0,5.0,0.5,50.0,-11.0,0.0,0.0,0.0,5.0,2025,6,June,2025-06,2,Monday,Weekday,0.37226000277782967,0.005549654437583879,1.2950287807430665,83.42406318951426,True,False,True,False,False,False,False,True
2025-06-03,5.0,23.0,11.0,2519,15.0,5.0,15.0,-10.0,0.0,-10.0,0.4782608695652174,47.82608695652174,0.0059547439460103215,0.5954743946010321,3.0,300.0,3.0,-6.0,0.0,0.0,0.0,-4.0,0.0,0.0,0.0,0.0,2025,6,June,2025-06,2,Tuesday,Weekday,0.410629067093598,0.00535800195711642,1.53992673992674,86.56127493295283,False,False,False,False,False,False,False,True
2025-06-04,4.0,16.0,9.0,2516,16.0,4.0,16.0,-12.0,0.0,-12.0,0.5625,56.25,0.006359300476947536,0.6359300476947536,4.0,400.0,4.0,-5.0,0.0,0.0,0.0,-7.0,0.0,0.0,0.0,0.0,2025,6,June,2025-06,2,Wednesday,Weekday,0.4235258924904234,0.0053999723851385585,1.9923076923076921,85.99368120223814,False,False,False,False,False,False,False,True
2025-06-05,8.0,26.0,5.0,2503,21.0,8.0,21.0,-13.0,0.0,-13.0,0.19230769230769232,19.230769230769234,0.008389932081502197,0.8389932081502196,2.625,262.5,2.625,3.0,3.0,0.375,37.5,-16.0,0.0,0.0,0.0,3.0,2025,6,June,2025-06,2,Thursday,Weekday,0.40933175329628424,0.005970966790209388,2.1054029304029305,82.01622119643471,True,False,True,False,False,False,False,True
2025-06-08,10.0,16.0,15.0,2507,13.0,10.0,13.0,-3.0,0.0,-3.0,0.9375,93.75,0.005185480654168329,0.5185480654168328,1.3,130.0,1.3,-5.0,0.0,0.0,0.0,2.0,2.0,0.13333333333333333,13.333333333333334,2.0,2025,6,June,2025-06,2,Sunday,Weekend,0.49930428076881167,0.005911429612753644,2.1244505494505495,81.54357085472903,False,False,False,False,False,False,False,True
2025-06-09,8.0,21.0,14.0,2516,9.0,8.0,9.0,-1.0,0.0,-1.0,0.6666666666666666,66.66666666666666,0.003577106518282989,0.3577106518282989,1.125,112.5,1.125,-6.0,0.0,0.0,0.0,5.0,5.0,0.35714285714285715,35.714285714285715,5.0,2025,6,June,2025-06,2,Monday,Weekday,0.5381513985632979,0.005795378360605495,2.164285714285714,79.27111910097858,False,False,False,False,False,False,False,True
2025-06-10,17.0,28.0,7.0,2511,12.0,17.0,12.0,5.0,5.0,0.0,0.25,25.0,0.0047789725209080045,0.4778972520908005,0.7058823529411765,70.58823529411765,0.7058823529411765,10.0,10.0,0.5882352941176471,58.82352941176471,-5.0,0.0,0.0,0.0,10.0,2025,6,June,2025-06,2,Tuesday,Weekday,0.4786275890394884,0.005799969371729786,2.050840336134454,79.32383315320877,True,False,True,False,False,False,False,True
2025-06-17,7.0,24.0,10.0,2523,14.0,7.0,14.0,-7.0,0.0,-7.0,0.4166666666666667,41.66666666666667,0.005548949663099485,0.5548949663099485,2.0,200.0,2.0,-3.0,0.0,0.0,0.0,-4.0,0.0,0.0,0.0,0.0,2025,6,June,2025-06,2,Tuesday,Weekday,0.5005574136008918,0.005684926551559838,2.107983193277311,79.19892898917927,False,False,False,False,False,False,False,True
2025-06-19,8.0,19.0,7.0,2501,18.0,8.0,18.0,-10.0,0.0,-10.0,0.3684210526315789,36.84210526315789,0.007197121151539384,0.7197121151539384,2.25,225.0,2.25,1.0,1.0,0.125,12.5,-11.0,0.0,0.0,0.0,1.0,2025,6,June,2025-06,2,Thursday,Weekday,0.4848660111818006,0.005862409009492561,2.0008403361344542,78.5539064348493,True,False,True,False,False,False,False,True
2025-06-22,7.0,13.0,5.0,2508,7.0,7.0,7.0,0.0,0.0,0.0,0.38461538461538464,38.46153846153847,0.0027910685805422647,0.27910685805422647,1.0,100.0,1.0,2.0,2.0,0.2857142857142857,28.57142857142857,-2.0,0.0,0.0,0.0,2.0,2025,6,June,2025-06,2,Sunday,Weekend,0.45945392326971274,0.005352661595720379,1.5722689075630254,73.33090996687264,True,False,True,False,False,False,False,True
2025-06-23,3.0,15.0,5.0,2495,17.0,3.0,17.0,-14.0,0.0,-14.0,0.3333333333333333,33.33333333333333,0.006813627254509018,0.6813627254509018,5.666666666666667,566.6666666666667,5.666666666666667,-2.0,0.0,0.0,0.0,-12.0,0.0,0.0,0.0,0.0,2025,6,June,2025-06,2,Monday,Weekday,0.4796004434162328,0.0051274751918642105,2.0067927170868347,76.25745255974834,False,False,False,False,False,False,False,True
2025-06-24,5.0,20.0,5.0,2489,16.0,5.0,16.0,-11.0,0.0,-11.0,0.25,25.0,0.0064282844515869825,0.6428284451586983,3.2,320.0,3.2,0.0,0.0,0.0,0.0,-11.0,0.0,0.0,0.0,0.0,2025,6,June,2025-06,2,Tuesday,Weekday,0.3813861577019471,0.005305018591495446,2.2782212885154065,76.04320170262598,True,False,True,False,False,False,False,True
2025-06-25,6.0,12.0,2.0,2470,24.0,6.0,24.0,-18.0,0.0,-18.0,0.16666666666666666,16.666666666666664,0.009716599190283401,0.9716599190283401,4.0,400.0,4.0,4.0,4.0,0.6666666666666666,66.66666666666666,-22.0,0.0,0.0,0.0,4.0,2025,6,June,2025-06,2,Wednesday,Weekday,0.3099575862733758,0.006182088973209791,2.688935574229692,74.15612944302248,True,False,True,False,False,False,False,False
2025-06-26,3.0,9.0,7.0,2447,35.0,3.0,35.0,-32.0,0.0,-32.0,0.7777777777777778,77.77777777777779,0.014303228442991417,1.4303228442991418,11.666666666666666,1166.6666666666665,11.666666666666666,-4.0,0.0,0.0,0.0,-28.0,0.0,0.0,0.0,0.0,2025,6,June,2025-06,2,Thursday,Weekday,0.3853544116702011,0.00754269696207885,4.254761904761905,67.53575337779505,False,False,False,False,False,False,False,False
2025-06-29,5.0,17.0,7.0,2413,20.0,5.0,20.0,-15.0,0.0,-15.0,0.4117647058823529,41.17647058823529,0.008288437629506838,0.8288437629506838,4.0,400.0,4.0,-2.0,0.0,0.0,0.0,-13.0,0.0,0.0,0.0,0.0,2025,6,June,2025-06,2,Sunday,Weekend,0.3846541315581563,0.00793405238585133,4.54047619047619,69.26234846336365,False,False,False,False,False,False,False,True
2025-06-30,9.0,22.0,8.0,2407,16.0,9.0,16.0,-7.0,0.0,-7.0,0.36363636363636365,36.36363636363637,0.006647278770253427,0.6647278770253428,1.7777777777777777,177.77777777777777,1.7777777777777777,1.0,1.0,0.1111111111111111,11.11111111111111,-8.0,0.0,0.0,0.0,1.0,2025,6,June,2025-06,2,Monday,Weekday,0.38397060455883986,0.007855503474239049,4.473015873015873,68.89737046098334,True,False,True,False,False,False,False,True
2025-07-01,7.0,14.0,6.0,2391,22.0,7.0,22.0,-15.0,0.0,-15.0,0.42857142857142855,42.857142857142854,0.009201171058134672,0.9201171058134672,3.142857142857143,314.2857142857143,3.142857142857143,1.0,1.0,0.14285714285714285,14.285714285714285,-16.0,0.0,0.0,0.0,1.0,2025,7,July,2025-07,3,Tuesday,Weekday,0.3902500394097032,0.008771232399609393,4.779138321995464,76.05667403118929,True,False,True,False,False,False,False,False
2025-07-02,8.0,20.0,9.0,2373,38.0,8.0,38.0,-30.0,0.0,-30.0,0.45,45.0,0.016013485040033713,1.6013485040033713,4.75,475.0,4.75,-1.0,0.0,0.0,0.0,-29.0,0.0,0.0,0.0,0.0,2025,7,July,2025-07,3,Wednesday,Weekday,0.40691670607637,0.010085497797541493,4.648185941043083,73.14414708632135,True,False,True,False,False,False,False,False
2025-07-06,4.0,17.0,2.0,2332,8.0,4.0,8.0,-4.0,0.0,-4.0,0.11764705882352941,11.76470588235294,0.003430531732418525,0.34305317324185247,2.0,200.0,2.0,2.0,2.0,0.5,50.0,-6.0,0.0,0.0,0.0,2.0,2025,7,July,2025-07,3,Sunday,Weekend,0.3880091430511599,0.009657247409088856,4.476757369614512,69.09934506289464,True,False,True,False,False,False,False,True
2025-07-07,3.0,18.0,8.0,2317,20.0,3.0,20.0,-17.0,0.0,-17.0,0.4444444444444444,44.44444444444444,0.008631851532153647,0.8631851532153647,6.666666666666667,666.6666666666667,6.666666666666667,-5.0,0.0,0.0,0.0,-12.0,0.0,0.0,0.0,0.0,2025,7,July,2025-07,3,Monday,Weekday,0.4276916827336995,0.009502283457927462,4.857709750566893,68.66869354998789,False,False,False,False,False,False,False,False
2025-07-08,5.0,16.0,8.0,2306,20.0,5.0,20.0,-15.0,0.0,-15.0,0.5,50.0,0.008673026886383347,0.8673026886383347,4.0,400.0,4.0,-3.0,0.0,0.0,0.0,-12.0,0.0,0.0,0.0,0.0,2025,7,July,2025-07,3,Tuesday,Weekday,0.3880091430511598,0.008697968949840595,3.7624716553287985,69.68648493087036,False,False,False,False,False,False,False,False
2025-07-09,2.0,18.0,0.0,2281,32.0,2.0,32.0,-30.0,0.0,-30.0,0.0,0.0,0.014028934677772907,1.4028934677772906,16.0,1600.0,16.0,2.0,2.0,1.0,100.0,-32.0,0.0,,,2.0,2025,7,July,2025-07,3,Wednesday,Weekday,0.32918561363939514,0.009518039956735749,5.476757369614512,69.02718564912855,True,False,True,False,False,False,False,False
2025-07-10,2.0,12.0,3.0,2252,39.0,2.0,39.0,-37.0,0.0,-37.0,0.25,25.0,0.017317939609236235,1.7317939609236235,19.5,1950.0,19.5,-1.0,0.0,0.0,0.0,-36.0,0.0,0.0,0.0,0.0,2025,7,July,2025-07,3,Thursday,Weekday,0.31295184740562887,0.011042420076590436,8.008503401360544,69.1387292115653,True,False,True,False,False,False,False,False
2025-07-13,1.0,13.0,4.0,2204,10.0,1.0,10.0,-9.0,0.0,-9.0,0.3076923076923077,30.76923076923077,0.004537205081669692,0.4537205081669692,10.0,1000.0,10.0,-3.0,0.0,0.0,0.0,-6.0,0.0,0.0,0.0,0.0,2025,7,July,2025-07,3,Sunday,Weekend,0.2956834015657545,0.010376139222809723,8.988095238095239,65.35127154872609,False,False,False,False,False,False,False,True
2025-07-14,2.0,9.0,1.0,2181,26.0,2.0,26.0,-24.0,0.0,-24.0,0.1111111111111111,11.11111111111111,0.01192113709307657,1.192113709307657,13.0,1300.0,13.0,1.0,1.0,0.5,50.0,-25.0,0.0,0.0,0.0,1.0,2025,7,July,2025-07,3,Monday,Weekday,0.24727070315305608,0.009791518087530132,10.166666666666668,66.21148596179181,True,False,True,False,False,False,False,False
2025-07-15,0.0,8.0,5.0,2171,17.0,0.0,17.0,-17.0,0.0,-17.0,0.625,62.5,0.00783049286043298,0.7830492860432979,,,,-5.0,0.0,,,-12.0,0.0,0.0,0.0,0.0,2025,7,July,2025-07,3,Tuesday,Weekday,0.3197496947496948,0.010420083962960769,11.527777777777779,70.83661238604498,False,False,False,False,False,False,False,True
2025-07-16,1.0,9.0,0.0,2164,11.0,1.0,11.0,-10.0,0.0,-10.0,0.0,0.0,0.005083179297597043,0.5083179297597042,11.0,1100.0,11.0,1.0,1.0,1.0,100.0,-11.0,0.0,,,1.0,2025,7,July,2025-07,3,Wednesday,Weekday,0.25625763125763124,0.00991313078659554,12.25,67.7250732549806,True,False,True,False,False,False,False,True
2025-07-17,3.0,16.0,2.0,2153,17.0,3.0,17.0,-14.0,0.0,-14.0,0.125,12.5,0.007895959126799815,0.7895959126799814,5.666666666666667,566.6666666666667,5.666666666666667,1.0,1.0,0.3333333333333333,33.33333333333333,-15.0,0.0,0.0,0.0,1.0,2025,7,July,2025-07,3,Thursday,Weekday,0.20268620268620266,0.009802121106655034,12.527777777777779,67.27958806444134,True,False,True,False,False,False,False,True
2025-07-21,4.0,18.0,7.0,2121,16.0,4.0,16.0,-12.0,0.0,-12.0,0.3888888888888889,38.88888888888889,0.007543611504007544,0.7543611504007544,4.0,400.0,4.0,-3.0,0.0,0.0,0.0,-9.0,0.0,0.0,0.0,0.0,2025,7,July,2025-07,3,Monday,Weekday,0.2582417582417582,0.008875646367545698,10.527777777777777,66.72197584295155,False,False,False,False,False,False,False,True
2025-07-22,5.0,13.0,3.0,2117,16.0,5.0,16.0,-11.0,0.0,-11.0,0.23076923076923078,23.076923076923077,0.007557864903164856,0.7557864903164856,3.2,320.0,3.2,2.0,2.0,0.4,40.0,-13.0,0.0,0.0,0.0,2.0,2025,7,July,2025-07,3,Tuesday,Weekday,0.2554945054945055,0.007481349980964071,7.811111111111111,75.74526675154759,True,False,True,False,False,False,False,True
2025-07-23,6.0,21.0,5.0,2111,14.0,6.0,14.0,-8.0,0.0,-8.0,0.23809523809523808,23.809523809523807,0.006631927996210327,0.6631927996210327,2.3333333333333335,233.33333333333334,2.3333333333333335,1.0,1.0,0.16666666666666666,16.666666666666664,-9.0,0.0,0.0,0.0,1.0,2025,7,July,2025-07,3,Wednesday,Weekday,0.24555206698063842,0.007780596111612734,6.533333333333334,78.93716214405302,True,False,True,False,False,False,False,True
2025-07-24,6.0,18.0,7.0,2096,29.0,6.0,29.0,-23.0,0.0,-23.0,0.3888888888888889,38.88888888888889,0.01383587786259542,1.383587786259542,4.833333333333333,483.3333333333333,4.833333333333333,-1.0,0.0,0.0,0.0,-22.0,0.0,0.0,0.0,0.0,2025,7,July,2025-07,3,Thursday,Weekday,0.28523460666317807,0.008054130507258284,5.172222222222222,74.65496671700913,True,False,True,False,False,False,False,False
2025-07-27,1.0,12.0,2.0,2088,4.0,1.0,4.0,-3.0,0.0,-3.0,0.16666666666666666,16.666666666666664,0.0019157088122605363,0.19157088122605362,4.0,400.0,4.0,-1.0,0.0,0.0,0.0,-2.0,0.0,0.0,0.0,0.0,2025,7,July,2025-07,3,Sunday,Weekend,0.21975841618698763,0.007209161357519363,5.004761904761905,66.73323003571244,True,False,True,False,False,False,False,True
2025-07-28,2.0,9.0,3.0,2080,14.0,2.0,14.0,-12.0,0.0,-12.0,0.3333333333333333,33.33333333333333,0.006730769230769231,0.6730769230769231,7.0,700.0,7.0,-1.0,0.0,0.0,0.0,-11.0,0.0,0.0,0.0,0.0,2025,7,July,2025-07,3,Monday,Weekday,0.2673774638060352,0.007444531347972533,4.433333333333333,68.12254781897589,True,False,True,False,False,False,False,True
2025-07-29,2.0,8.0,3.0,2072,12.0,2.0,12.0,-10.0,0.0,-10.0,0.375,37.5,0.005791505791505791,0.5791505791505791,6.0,600.0,6.0,-1.0,0.0,0.0,0.0,-9.0,0.0,0.0,0.0,0.0,2025,7,July,2025-07,3,Tuesday,Weekday,0.303091749520321,0.007143895157216243,4.480952380952381,66.93694610074414,True,False,True,False,False,False,False,True
2025-07-30,4.0,15.0,4.0,2063,16.0,4.0,16.0,-12.0,0.0,-12.0,0.26666666666666666,26.666666666666668,0.007755695588948134,0.7755695588948134,4.0,400.0,4.0,0.0,0.0,0.0,0.0,-12.0,0.0,0.0,0.0,0.0,2025,7,July,2025-07,3,Wednesday,Weekday,0.28563143206000347,0.0071741928836363275,4.480952380952381,66.99979772037152,True,False,True,False,False,False,False,True
2025-07-31,2.0,9.0,6.0,2058,15.0,2.0,15.0,-13.0,0.0,-13.0,0.6666666666666666,66.66666666666666,0.007288629737609329,0.7288629737609329,7.5,750.0,7.5,-4.0,0.0,0.0,0.0,-9.0,0.0,0.0,0.0,0.0,2025,7,July,2025-07,3,Thursday,Weekday,0.34790249433106574,0.0071357307171283964,5.095238095238095,66.90220772211038,False,False,False,False,False,False,False,True
2025-08-03,5.0,26.0,3.0,2049,5.0,5.0,5.0,0.0,0.0,0.0,0.11538461538461539,11.538461538461538,0.002440214738897023,0.2440214738897023,1.0,100.0,1.0,2.0,2.0,0.4,40.0,-2.0,0.0,0.0,0.0,2.0,2025,8,August,2025-08,3,Sunday,Weekend,0.33037240537240536,0.006536914537512209,4.904761904761904,62.27868988644383,True,False,True,False,False,False,False,True
2025-08-04,5.0,22.0,11.0,2040,14.0,5.0,14.0,-9.0,0.0,-9.0,0.5,50.0,0.006862745098039216,0.6862745098039216,2.8,280.0,2.8,-6.0,0.0,0.0,0.0,-3.0,0.0,0.0,0.0,0.0,2025,8,August,2025-08,3,Monday,Weekday,0.34624542124542124,0.00554075271400418,4.614285714285715,69.96608588738015,False,False,False,False,False,False,False,True
2025-08-05,2.0,21.0,10.0,2042,14.0,2.0,14.0,-12.0,0.0,-12.0,0.47619047619047616,47.61904761904761,0.0068560235063663075,0.6856023506366308,7.0,700.0,7.0,-8.0,0.0,0.0,0.0,-4.0,0.0,0.0,0.0,0.0,2025,8,August,2025-08,3,Tuesday,Weekday,0.39046310832025116,0.00624651195601929,5.042857142857144,77.80810267670996,False,False,False,False,False,False,False,True
2025-08-06,4.0,17.0,3.0,2036,13.0,4.0,13.0,-9.0,0.0,-9.0,0.17647058823529413,17.647058823529413,0.0063850687622789785,0.6385068762278978,3.25,325.0,3.25,1.0,1.0,0.25,25.0,-10.0,0.0,0.0,0.0,1.0,2025,8,August,2025-08,3,Wednesday,Weekday,0.368054144734817,0.006197126174806397,4.507142857142857,77.77702356747275,True,False,True,False,False,False,False,True
2025-08-07,4.0,18.0,6.0,2031,17.0,4.0,17.0,-13.0,0.0,-13.0,0.3333333333333333,33.33333333333333,0.008370260955194485,0.8370260955194485,4.25,425.0,4.25,-2.0,0.0,0.0,0.0,-11.0,0.0,0.0,0.0,0.0,2025,8,August,2025-08,3,Thursday,Weekday,0.362101763782436,0.006565519769619068,4.257142857142857,77.25446962369526,False,False,False,False,False,False,False,True
2025-08-10,0.0,18.0,8.0,2006,12.0,0.0,12.0,-12.0,0.0,-12.0,0.4444444444444444,44.44444444444444,0.005982053838484547,0.5982053838484547,,,,-8.0,0.0,,,-4.0,0.0,0.0,0.0,0.0,2025,8,August,2025-08,3,Sunday,Weekend,0.38749858917926144,0.006312142376695698,4.3,77.18193864361241,False,False,False,False,False,False,False,True
2025-08-11,6.0,23.0,4.0,1999,16.0,6.0,16.0,-10.0,0.0,-10.0,0.17391304347826086,17.391304347826086,0.0080040020010005,0.80040020010005,2.6666666666666665,266.66666666666663,2.6666666666666665,2.0,2.0,0.3333333333333333,33.33333333333333,-12.0,0.0,0.0,0.0,2.0,2025,8,August,2025-08,3,Monday,Weekday,0.31710521443806056,0.006414338414323008,3.494444444444444,76.72000891381944,True,False,True,False,False,False,False,True
2025-08-12,8.0,38.0,9.0,1999,9.0,8.0,9.0,-1.0,0.0,-1.0,0.23684210526315788,23.684210526315788,0.004502251125562781,0.4502251125562781,1.125,112.5,1.125,-1.0,0.0,0.0,0.0,0.0,0.0,0.0,0.0,0.0,2025,8,August,2025-08,3,Tuesday,Weekday,0.33445628442070957,0.006708915040989545,3.515277777777778,83.87241027035033,True,False,True,False,False,False,False,True
2025-08-13,6.0,22.0,12.0,1997,17.0,6.0,17.0,-11.0,0.0,-11.0,0.5454545454545454,54.54545454545454,0.008512769153730596,0.8512769153730596,2.8333333333333335,283.33333333333337,2.8333333333333335,-6.0,0.0,0.0,0.0,-5.0,0.0,0.0,0.0,0.0,2025,8,August,2025-08,3,Wednesday,Weekday,0.340949790914216,0.006944632763231171,3.5208333333333335,82.60795297320992,False,False,False,False,False,False,False,True
2025-08-14,3.0,27.0,4.0,1994,11.0,3.0,11.0,-8.0,0.0,-8.0,0.14814814814814814,14.814814814814813,0.005516549648946841,0.551654964894684,3.6666666666666665,366.66666666666663,3.6666666666666665,-1.0,0.0,0.0,0.0,-7.0,0.0,0.0,0.0,0.0,2025,8,August,2025-08,3,Thursday,Weekday,0.29408660119388347,0.0067532793550283896,2.965277777777778,81.23477041383146,True,False,True,False,False,False,False,True
2025-08-17,4.0,14.0,2.0,1991,3.0,4.0,3.0,1.0,1.0,0.0,0.14285714285714285,14.285714285714285,0.0015067805123053742,0.15067805123053743,0.75,75.0,0.75,2.0,2.0,0.5,50.0,-1.0,0.0,0.0,0.0,2.0,2025,8,August,2025-08,3,Sunday,Weekend,0.28928468042557615,0.006056381033603589,2.548611111111111,70.48427764290464,True,False,True,False,False,False,False,True
2025-08-18,4.0,20.0,6.0,1985,14.0,4.0,14.0,-10.0,0.0,-10.0,0.3,30.0,0.007052896725440806,0.7052896725440806,3.5,350.0,3.5,-2.0,0.0,0.0,0.0,-8.0,0.0,0.0,0.0,0.0,2025,8,August,2025-08,3,Monday,Weekday,0.28452277566367135,0.005868186143638778,2.423611111111111,71.14610148994936,False,False,False,False,False,False,False,True
2025-08-19,5.0,35.0,3.0,1980,11.0,5.0,11.0,-6.0,0.0,-6.0,0.08571428571428572,8.571428571428571,0.005555555555555556,0.5555555555555556,2.2,220.00000000000003,2.2,2.0,2.0,0.4,40.0,-8.0,0.0,0.0,0.0,2.0,2025,8,August,2025-08,3,Tuesday,Weekday,0.23327561013079157,0.005807257817506065,2.3916666666666666,70.91355078184723,True,False,True,False,False,False,False,True
2025-08-20,10.0,38.0,10.0,1983,10.0,10.0,10.0,0.0,0.0,0.0,0.2631578947368421,26.31578947368421,0.005042864346949067,0.5042864346949066,1.0,100.0,1.0,0.0,0.0,0.0,0.0,0.0,0.0,0.0,0.0,0.0,2025,8,August,2025-08,3,Wednesday,Weekday,0.24602487459630315,0.005384238152641574,2.1535714285714285,71.16806144257392,True,False,True,False,False,False,False,True
2025-08-21,6.0,49.0,8.0,1972,21.0,6.0,21.0,-15.0,0.0,-15.0,0.16326530612244897,16.3265306122449,0.010649087221095335,1.0649087221095335,3.5,350.0,3.5,-2.0,0.0,0.0,0.0,-13.0,0.0,0.0,0.0,0.0,2025,8,August,2025-08,3,Thursday,Weekday,0.23551390329048758,0.00626235759486051,2.492857142857143,68.42805561496883,False,False,False,False,False,False,False,False
2025-08-24,4.0,21.0,5.0,1981,5.0,4.0,5.0,-1.0,0.0,-1.0,0.23809523809523808,23.809523809523807,0.002523977788995457,0.2523977788995457,1.25,125.0,1.25,-1.0,0.0,0.0,0.0,0.0,0.0,0.0,0.0,0.0,2025,8,August,2025-08,3,Sunday,Weekend,0.19160543081058654,0.005406815971326919,2.2666666666666666,64.3404834341927,True,False,True,False,False,False,False,True
2025-08-25,8.0,30.0,8.0,1980,11.0,8.0,11.0,-3.0,0.0,-3.0,0.26666666666666666,26.666666666666668,0.005555555555555556,0.5555555555555556,1.375,137.5,1.375,0.0,0.0,0.0,0.0,-3.0,0.0,0.0,0.0,0.0,2025,8,August,2025-08,3,Monday,Weekday,0.2085366477418035,0.005412388243699592,1.9392857142857143,64.36201379948191,True,False,True,False,False,False,False,True
2025-08-26,10.0,21.0,20.0,1989,15.0,10.0,15.0,-5.0,0.0,-5.0,0.9523809523809523,95.23809523809523,0.007541478129713424,0.7541478129713424,1.5,150.0,1.5,-10.0,0.0,0.0,0.0,5.0,5.0,0.25,25.0,5.0,2025,8,August,2025-08,3,Tuesday,Weekday,0.3241829062452048,0.006274487903329315,2.0464285714285713,71.38253268696738,False,False,False,False,False,False,False,True
2025-08-27,5.0,19.0,9.0,1988,19.0,5.0,19.0,-14.0,0.0,-14.0,0.47368421052631576,47.368421052631575,0.009557344064386318,0.9557344064386318,3.8,380.0,3.8,-4.0,0.0,0.0,0.0,-10.0,0.0,0.0,0.0,0.0,2025,8,August,2025-08,3,Wednesday,Weekday,0.34899493632039286,0.006632266094607244,2.0892857142857144,70.27026694067503,False,False,False,False,False,False,False,False
2025-08-28,8.0,33.0,6.0,1984,17.0,8.0,17.0,-9.0,0.0,-9.0,0.18181818181818182,18.181818181818183,0.008568548387096774,0.8568548387096774,2.125,212.5,2.125,2.0,2.0,0.25,25.0,-11.0,0.0,0.0,0.0,2.0,2025,8,August,2025-08,3,Thursday,Weekday,0.3627240643352351,0.007062693641970276,2.0785714285714287,71.29141331994867,True,False,True,False,False,False,False,True
2025-09-01,10.0,29.0,17.0,2010,5.0,10.0,5.0,5.0,5.0,0.0,0.5862068965517241,58.620689655172406,0.0024875621890547263,0.24875621890547264,0.5,50.0,0.5,-7.0,0.0,0.0,0.0,12.0,12.0,0.7058823529411765,70.58823529411765,12.0,2025,9,September,2025-09,3,Monday,Weekday,0.4088739217373611,0.006697650476556799,2.007142857142857,67.14322713411256,False,True,True,False,False,False,False,True
2025-09-02,6.0,35.0,9.0,2020,9.0,6.0,9.0,-3.0,0.0,-3.0,0.2571428571428571,25.71428571428571,0.004455445544554455,0.4455445544554455,1.5,150.0,1.5,-3.0,0.0,0.0,0.0,0.0,0.0,0.0,0.0,0.0,2025,9,September,2025-09,3,Tuesday,Weekday,0.42228500045456224,0.0058128445227652445,1.7214285714285715,67.18010207459334,False,False,False,False,False,False,False,True
2025-09-03,4.0,29.0,11.0,2019,10.0,4.0,10.0,-6.0,0.0,-6.0,0.3793103448275862,37.93103448275862,0.004952947003467063,0.49529470034670625,2.5,250.0,2.5,-7.0,0.0,0.0,0.0,1.0,1.0,0.09090909090909091,9.090909090909092,1.0,2025,9,September,2025-09,3,Wednesday,Weekday,0.44245858713061204,0.006159840124832616,1.9000000000000001,71.14037286653733,False,False,False,False,False,False,False,True
2025-09-04,11.0,40.0,2.0,2015,14.0,11.0,14.0,-3.0,0.0,-3.0,0.05,5.0,0.006947890818858561,0.6947890818858561,1.2727272727272727,127.27272727272727,1.2727272727272727,9.0,9.0,0.8181818181818182,81.81818181818183,-12.0,0.0,0.0,0.0,9.0,2025,9,September,2025-09,3,Thursday,Weekday,0.4115062061782311,0.0063587451624473315,1.8853896103896104,71.79413770783864,True,False,True,False,False,False,False,True
2025-09-07,4.0,19.0,9.0,2026,7.0,4.0,7.0,-3.0,0.0,-3.0,0.47368421052631576,47.368421052631575,0.0034550839091806516,0.3455083909180652,1.75,175.0,1.75,-5.0,0.0,0.0,0.0,2.0,2.0,0.2222222222222222,22.22222222222222,2.0,2025,9,September,2025-09,3,Sunday,Weekend,0.34312095734185444,0.005774974559514078,1.921103896103896,68.55691412988239,False,False,False,False,False,False,False,True
2025-09-08,7.0,25.0,5.0,2025,6.0,7.0,6.0,1.0,1.0,0.0,0.2,20.0,0.002962962962962963,0.2962962962962963,0.8571428571428571,85.71428571428571,0.8571428571428571,2.0,2.0,0.2857142857142857,28.57142857142857,-1.0,0.0,0.0,0.0,2.0,2025,9,September,2025-09,3,Monday,Weekday,0.3040232129809522,0.0048329201164535995,1.50069573283859,68.55639737368077,True,False,True,False,False,False,False,True
2025-09-09,18.0,42.0,11.0,2023,14.0,18.0,14.0,4.0,4.0,0.0,0.2619047619047619,26.190476190476193,0.006920415224913495,0.6920415224913495,0.7777777777777778,77.77777777777779,0.7777777777777778,7.0,7.0,0.3888888888888889,38.88888888888889,-3.0,0.0,0.0,0.0,7.0,2025,9,September,2025-09,3,Tuesday,Weekday,0.3154641529933207,0.004597472521855988,1.3082354153782725,71.83507967338807,True,False,True,False,False,False,False,True
2025-09-10,10.0,47.0,14.0,2025,18.0,10.0,18.0,-8.0,0.0,-8.0,0.2978723404255319,29.78723404255319,0.008888888888888889,0.8888888888888888,1.8,180.0,1.8,-4.0,0.0,0.0,0.0,-4.0,0.0,0.0,0.0,0.0,2025,9,September,2025-09,3,Wednesday,Weekday,0.27427350211815044,0.00551194776468944,1.4939497010925582,71.98623179862345,False,False,False,False,False,False,False,False
2025-09-11,12.0,38.0,29.0,2047,6.0,12.0,6.0,6.0,6.0,0.0,0.7631578947368421,76.31578947368422,0.0029311187103077674,0.29311187103077674,0.5,50.0,0.5,-17.0,0.0,0.0,0.0,23.0,23.0,0.7931034482758621,79.3103448275862,23.0,2025,9,September,2025-09,3,Thursday,Weekday,0.34656136463157683,0.0052941867883684835,1.3510925582354152,69.35970725255568,False,True,True,False,False,False,False,True
2025-09-14,7.0,39.0,13.0,2083,5.0,7.0,5.0,2.0,2.0,0.0,0.3333333333333333,33.33333333333333,0.002400384061449832,0.2400384061449832,0.7142857142857143,71.42857142857143,0.7142857142857143,-6.0,0.0,0.0,0.0,8.0,8.0,0.6153846153846154,61.53846153846154,8.0,2025,9,September,2025-09,3,Sunday,Weekend,0.33999322013239786,0.00492953493950888,1.0959905174190887,65.58532330416882,False,True,True,False,False,False,False,True
2025-09-15,9.0,47.0,10.0,2086,10.0,9.0,10.0,-1.0,0.0,-1.0,0.2127659574468085,21.27659574468085,0.004793863854266539,0.4793863854266539,1.1111111111111112,111.11111111111111,1.1111111111111112,-1.0,0.0,0.0,0.0,0.0,0.0,0.0,0.0,0.0,2025,9,September,2025-09,3,Monday,Weekday,0.3632454997676562,0.0046218168017100195,1.0729024943310657,65.54145035695437,True,False,True,False,False,False,False,True
2025-09-16,7.0,28.0,17.0,2095,12.0,7.0,12.0,-5.0,0.0,-5.0,0.6071428571428571,60.71428571428571,0.005727923627684964,0.5727923627684964,1.7142857142857142,171.42857142857142,1.7142857142857142,-10.0,0.0,0.0,0.0,5.0,5.0,0.29411764705882354,29.411764705882355,5.0,2025,9,September,2025-09,3,Tuesday,Weekday,0.3823110207128764,0.004946508190067779,1.0678004535147392,67.33409867588674,False,False,False,False,False,False,False,True
2025-09-17,7.0,38.0,5.0,2096,13.0,7.0,13.0,-6.0,0.0,-6.0,0.13157894736842105,13.157894736842104,0.006202290076335878,0.6202290076335878,1.8571428571428572,185.71428571428572,1.8571428571428572,2.0,2.0,0.2857142857142857,28.57142857142857,-8.0,0.0,0.0,0.0,2.0,2025,9,September,2025-09,3,Wednesday,Weekday,0.3725365846226509,0.005409269206263909,1.2106575963718822,70.51497350870025,True,False,True,False,False,False,False,True
2025-09-18,20.0,52.0,11.0,2096,14.0,20.0,14.0,6.0,6.0,0.0,0.21153846153846154,21.153846153846153,0.006679389312977099,0.6679389312977099,0.7,70.0,0.7,9.0,9.0,0.45,45.0,-3.0,0.0,0.0,0.0,9.0,2025,9,September,2025-09,3,Thursday,Weekday,0.3653413988560365,0.005374836933130138,1.1995464852607711,70.6145300510215,True,False,True,False,False,False,False,True
2025-09-21,8.0,35.0,13.0,2134,5.0,8.0,5.0,3.0,3.0,0.0,0.37142857142857144,37.142857142857146,0.0023430178069353325,0.23430178069353325,0.625,62.5,0.625,-5.0,0.0,0.0,0.0,8.0,8.0,0.6153846153846154,61.53846153846154,8.0,2025,9,September,2025-09,3,Sunday,Weekend,0.37584943185647074,0.004439712492851059,1.031689342403628,70.48437584604288,False,True,True,False,False,False,False,True
2025-09-22,17.0,40.0,14.0,2141,10.0,17.0,10.0,7.0,7.0,0.0,0.35,35.0,0.004670714619336758,0.4670714619336758,0.5882352941176471,58.82352941176471,0.5882352941176471,3.0,3.0,0.17647058823529413,17.647058823529413,4.0,4.0,0.2857142857142857,28.57142857142857,7.0,2025,9,September,2025-09,3,Monday,Weekday,0.31682687546549326,0.004688226194140915,1.0442943844204347,72.97641518920479,True,False,True,False,False,False,False,True
2025-09-23,11.0,36.0,10.0,2145,15.0,11.0,15.0,-4.0,0.0,-4.0,0.2777777777777778,27.77777777777778,0.006993006993006993,0.6993006993006993,1.3636363636363635,136.36363636363635,1.3636363636363635,1.0,1.0,0.09090909090909091,9.090909090909092,-5.0,0.0,0.0,0.0,1.0,2025,9,September,2025-09,3,Tuesday,Weekday,0.30889036752898535,0.005344315184363366,1.137058762899099,77.08232480239695,True,False,True,False,False,False,False,True
2025-09-24,3.0,38.0,12.0,2138,17.0,3.0,17.0,-14.0,0.0,-14.0,0.3157894736842105,31.57894736842105,0.007951356407857811,0.7951356407857811,5.666666666666667,566.6666666666667,5.666666666666667,-9.0,0.0,0.0,0.0,-5.0,0.0,0.0,0.0,0.0,2025,9,September,2025-09,3,Wednesday,Weekday,0.32360801270575706,0.005795385549162119,1.7878524136927498,75.94487245699915,False,False,False,False,False,False,False,True
2025-09-25,6.0,35.0,12.0,2132,18.0,6.0,18.0,-12.0,0.0,-12.0,0.34285714285714286,34.285714285714285,0.008442776735459663,0.8442776735459663,3.0,300.0,3.0,-6.0,0.0,0.0,0.0,-6.0,0.0,0.0,0.0,0.0,2025,9,September,2025-09,3,Thursday,Weekday,0.28585291066494073,0.006183221707415648,1.9715258830805051,74.75203423557646,False,False,False,False,False,False,False,True
2025-09-28,11.0,29.0,12.0,2146,9.0,11.0,9.0,2.0,2.0,0.0,0.41379310344827586,41.37931034482759,0.004193849021435228,0.4193849021435228,0.8181818181818182,81.81818181818183,0.8181818181818182,-1.0,0.0,0.0,0.0,3.0,3.0,0.25,25.0,3.0,2025,9,September,2025-09,3,Sunday,Weekend,0.32616921867634857,0.005896301556715555,1.8231028775146423,72.65449332702018,True,False,True,False,False,False,False,True
2025-09-29,8.0,35.0,12.0,2148,13.0,8.0,13.0,-5.0,0.0,-5.0,0.34285714285714286,34.285714285714285,0.006052141527001862,0.6052141527001862,1.625,162.5,1.625,-4.0,0.0,0.0,0.0,-1.0,0.0,0.0,0.0,0.0,2025,9,September,2025-09,3,Monday,Weekday,0.344929030293303,0.005806694730147664,1.9552457346574994,72.56944299873724,False,False,False,False,False,False,False,True
2025-09-30,8.0,32.0,12.0,2159,7.0,8.0,7.0,1.0,1.0,0.0,0.375,37.5,0.003242241778601204,0.3242241778601204,0.875,87.5,0.875,-4.0,0.0,0.0,0.0,5.0,5.0,0.4166666666666667,41.66666666666667,5.0,2025,9,September,2025-09,3,Tuesday,Weekday,0.3454392343749357,0.005935155297528502,1.9909600203717852,75.04612815667677,False,False,False,False,False,False,False,True
2025-10-01,4.0,33.0,12.0,2163,14.0,4.0,14.0,-10.0,0.0,-10.0,0.36363636363636365,36.36363636363637,0.006472491909385114,0.6472491909385114,3.5,350.0,3.5,-8.0,0.0,0.0,0.0,-2.0,0.0,0.0,0.0,0.0,2025,10,October,2025-10,4,Wednesday,Weekday,0.3473872863229877,0.006192552053249696,2.4069264069264067,76.54866767526651,False,False,False,False,False,False,False,True
2025-10-02,20.0,51.0,15.0,2164,16.0,20.0,16.0,4.0,4.0,0.0,0.29411764705882354,29.411764705882355,0.0073937153419593345,0.7393715341959335,0.8,80.0,0.8,5.0,5.0,0.25,25.0,-1.0,0.0,0.0,0.0,5.0,2025,10,October,2025-10,4,Thursday,Weekday,0.349721553363137,0.006249796103100031,2.3264069264069263,76.3953684326914,True,False,True,False,False,False,False,True
2025-10-05,8.0,28.0,13.0,2180,16.0,8.0,16.0,-8.0,0.0,-8.0,0.4642857142857143,46.42857142857143,0.007339449541284404,0.7339449541284404,2.0,200.0,2.0,-5.0,0.0,0.0,0.0,-3.0,0.0,0.0,0.0,0.0,2025,10,October,2025-10,4,Sunday,Weekend,0.37093530202049474,0.0061623808364466865,1.8025974025974028,76.87725537870236,False,False,False,False,False,False,False,True
2025-10-06,5.0,33.0,15.0,2187,10.0,5.0,10.0,-5.0,0.0,-5.0,0.45454545454545453,45.45454545454545,0.004572473708276178,0.4572473708276178,2.0,200.0,2.0,-10.0,0.0,0.0,0.0,5.0,5.0,0.3333333333333333,33.33333333333333,5.0,2025,10,October,2025-10,4,Monday,Weekday,0.38689077511882497,0.005609480403991903,1.65974025974026,77.56206314816724,False,False,False,False,False,False,False,True
2025-10-07,11.0,45.0,4.0,2189,10.0,11.0,10.0,1.0,1.0,0.0,0.08888888888888889,8.88888888888889,0.0045682960255824575,0.45682960255824573,0.9090909090909091,90.9090909090909,0.9090909090909091,7.0,7.0,0.6363636363636364,63.63636363636363,-6.0,0.0,0.0,0.0,7.0,2025,10,October,2025-10,4,Tuesday,Weekday,0.3404758873246268,0.005662972833155794,1.6727272727272726,78.25320505480965,True,False,True,False,False,False,False,True
2025-10-08,8.0,49.0,15.0,2192,17.0,8.0,17.0,-9.0,0.0,-9.0,0.30612244897959184,30.612244897959183,0.007755474452554745,0.7755474452554745,2.125,212.5,2.125,-7.0,0.0,0.0,0.0,-2.0,0.0,0.0,0.0,0.0,2025,10,October,2025-10,4,Wednesday,Weekday,0.3352280739135481,0.005906306108234776,1.7441558441558445,77.00093225691795,False,False,False,False,False,False,False,True
2025-10-09,11.0,55.0,13.0,2192,12.0,11.0,12.0,-1.0,0.0,-1.0,0.23636363636363636,23.636363636363637,0.005474452554744526,0.5474452554744526,1.0909090909090908,109.09090909090908,1.0909090909090908,-2.0,0.0,0.0,0.0,1.0,1.0,0.07692307692307693,7.6923076923076925,1.0,2025,10,October,2025-10,4,Thursday,Weekday,0.31542287910835326,0.006225193361969536,1.7750000000000001,82.10171623386086,False,False,False,False,False,False,False,True
2025-10-13,8.0,24.0,7.0,2223,6.0,8.0,6.0,2.0,2.0,0.0,0.2916666666666667,29.166666666666668,0.002699055330634278,0.2699055330634278,0.75,75.0,0.75,1.0,1.0,0.125,12.5,1.0,1.0,0.14285714285714285,14.285714285714285,2.0,2025,10,October,2025-10,4,Monday,Weekday,0.30514149382696804,0.005686130993576561,1.3821428571428573,75.07241745934363,True,False,True,False,False,False,False,True
2025-10-14,7.0,30.0,16.0,2235,8.0,7.0,8.0,-1.0,0.0,-1.0,0.5333333333333333,53.333333333333336,0.0035794183445190158,0.3579418344519016,1.1428571428571428,114.28571428571428,1.1428571428571428,-9.0,0.0,0.0,0.0,8.0,8.0,0.5,50.0,8.0,2025,10,October,2025-10,4,Tuesday,Weekday,0.33931516329475514,0.005141231422513657,1.4311224489795917,73.39800730933166,False,True,True,False,False,False,False,True
2025-10-15,8.0,29.0,10.0,2225,15.0,8.0,15.0,-7.0,0.0,-7.0,0.3448275862068966,34.48275862068966,0.006741573033707865,0.6741573033707865,1.875,187.5,1.875,-2.0,0.0,0.0,0.0,-5.0,0.0,0.0,0.0,0.0,2025,10,October,2025-10,4,Wednesday,Weekday,0.3222497164263526,0.0050558204928598666,1.413265306122449,74.21645357557513,False,False,False,False,False,False,False,True
2025-10-16,9.0,33.0,15.0,2233,9.0,9.0,9.0,0.0,0.0,0.0,0.45454545454545453,45.45454545454545,0.004030452306314375,0.40304523063143755,1.0,100.0,1.0,-6.0,0.0,0.0,0.0,6.0,6.0,0.4,40.0,6.0,2025,10,October,2025-10,4,Thursday,Weekday,0.32224971642635264,0.00497838886400818,1.2704081632653064,73.52233074300229,False,True,True,False,False,False,False,True
2025-10-19,9.0,34.0,17.0,2237,7.0,9.0,7.0,2.0,2.0,0.0,0.5,50.0,0.0031291908806437194,0.31291908806437196,0.7777777777777778,77.77777777777779,0.7777777777777778,-8.0,0.0,0.0,0.0,10.0,10.0,0.5882352941176471,58.82352941176471,10.0,2025,10,October,2025-10,4,Sunday,Weekend,0.3809798751565113,0.004772802414731217,1.2516491445062876,71.2555051386372,False,True,True,False,False,False,False,True
2025-10-20,10.0,39.0,6.0,2243,7.0,10.0,7.0,3.0,3.0,0.0,0.15384615384615385,15.384615384615385,0.003120820329915292,0.3120820329915292,0.7,70.0,0.7,4.0,4.0,0.4,40.0,-1.0,0.0,0.0,0.0,4.0,2025,10,October,2025-10,4,Monday,Weekday,0.35922611870887733,0.004110708968639867,1.0480777159348589,73.6289361183882,True,False,True,False,False,False,False,True
2025-10-21,13.0,39.0,17.0,2251,9.0,13.0,9.0,4.0,4.0,0.0,0.4358974358974359,43.58974358974359,0.003998223011994669,0.3998223011994669,0.6923076923076923,69.23076923076923,0.6923076923076923,-4.0,0.0,0.0,0.0,8.0,8.0,0.47058823529411764,47.05882352941176,8.0,2025,10,October,2025-10,4,Tuesday,Weekday,0.38773094721370577,0.003899819033961316,0.991134658991802,74.36147811744037,False,True,True,False,False,False,False,True
2025-10-22,12.0,42.0,13.0,2261,12.0,12.0,12.0,0.0,0.0,0.0,0.30952380952380953,30.952380952380953,0.005307386112339673,0.5307386112339673,1.0,100.0,1.0,-1.0,0.0,0.0,0.0,1.0,1.0,0.07692307692307693,7.6923076923076925,1.0,2025,10,October,2025-10,4,Wednesday,Weekday,0.3902819676218691,0.004272437717062087,1.0268489447060876,76.43071538041322,True,False,True,False,False,False,False,True
2025-10-23,4.0,27.0,26.0,2266,18.0,4.0,18.0,-14.0,0.0,-14.0,0.9629629629629629,96.29629629629629,0.00794351279788173,0.7943512797881729,4.5,450.0,4.5,-22.0,0.0,0.0,0.0,8.0,8.0,0.3076923076923077,30.76923076923077,8.0,2025,10,October,2025-10,4,Thursday,Weekday,0.4516576289975305,0.0048958797818281895,1.5064407814407816,72.50058630050977,False,True,True,False,False,False,False,True
2025-10-26,4.0,35.0,12.0,2276,10.0,4.0,10.0,-6.0,0.0,-6.0,0.34285714285714286,34.285714285714285,0.004393673110720563,0.4393673110720563,2.5,250.0,2.5,-8.0,0.0,0.0,0.0,2.0,2.0,0.16666666666666666,16.666666666666664,2.0,2025,10,October,2025-10,4,Sunday,Weekend,0.4513761370904228,0.004560465507115717,1.5957264957264958,73.18715556864757,False,False,False,False,False,False,False,True
2025-10-27,2.0,31.0,8.0,2282,11.0,2.0,11.0,-9.0,0.0,-9.0,0.25806451612903225,25.806451612903224,0.004820333041191937,0.48203330411919365,5.5,550.0,5.5,-6.0,0.0,0.0,0.0,-3.0,0.0,0.0,0.0,0.0,2025,10,October,2025-10,4,Monday,Weekday,0.42330743160236245,0.004673305612098226,2.2385836385836386,73.84048651441033,False,False,False,False,False,False,False,True
2025-10-28,6.0,22.0,11.0,2286,6.0,6.0,6.0,0.0,0.0,0.0,0.5,50.0,0.0026246719160104987,0.26246719160104987,1.0,100.0,1.0,-5.0,0.0,0.0,0.0,5.0,5.0,0.45454545454545453,45.45454545454545,5.0,2025,10,October,2025-10,4,Tuesday,Weekday,0.42330743160236245,0.004601231474293479,2.2703296703296703,72.52933077381984,False,False,False,False,False,False,False,True
2025-10-29,6.0,25.0,4.0,2280,17.0,6.0,17.0,-11.0,0.0,-11.0,0.16,16.0,0.007456140350877193,0.7456140350877193,2.8333333333333335,283.33333333333337,2.8333333333333335,2.0,2.0,0.3333333333333333,33.33333333333333,-13.0,0.0,0.0,0.0,2.0,2025,10,October,2025-10,4,Wednesday,Weekday,0.42418655248148335,0.005220562905859466,2.5750915750915753,73.39076910939485,True,False,True,False,False,False,False,True
2025-10-30,3.0,17.0,14.0,2287,12.0,3.0,12.0,-9.0,0.0,-9.0,0.8235294117647058,82.35294117647058,0.005247048535198951,0.524704853519895,4.0,400.0,4.0,-11.0,0.0,0.0,0.0,2.0,2.0,0.14285714285714285,14.285714285714285,2.0,2025,10,October,2025-10,4,Thursday,Weekday,0.47956254903395046,0.005398966552031506,3.047619047619048,74.83335771960117,False,False,False,False,False,False,False,True
2025-11-02,5.0,21.0,10.0,2277,7.0,5.0,7.0,-2.0,0.0,-2.0,0.47619047619047616,47.61904761904761,0.0030742204655248135,0.30742204655248134,1.4,140.0,1.4,-5.0,0.0,0.0,0.0,3.0,3.0,0.3,30.0,3.0,2025,11,November,2025-11,4,Sunday,Weekend,0.5033720728434743,0.005079942888200813,3.104761904761905,71.55675498214737,False,False,False,False,False,False,False,True
2025-11-03,3.0,28.0,5.0,2269,12.0,3.0,12.0,-9.0,0.0,-9.0,0.17857142857142858,17.857142857142858,0.005288673424416042,0.5288673424416042,4.0,400.0,4.0,-2.0,0.0,0.0,0.0,-7.0,0.0,0.0,0.0,0.0,2025,11,November,2025-11,4,Monday,Weekday,0.3913161393589694,0.004700680120562857,3.0333333333333337,74.64262293653717,False,False,False,False,False,False,False,True
2025-11-04,6.0,33.0,6.0,2270,8.0,6.0,8.0,-2.0,0.0,-2.0,0.18181818181818182,18.181818181818183,0.003524229074889868,0.3524229074889868,1.3333333333333333,133.33333333333331,1.3333333333333333,0.0,0.0,0.0,0.0,-2.0,0.0,0.0,0.0,0.0,2025,11,November,2025-11,4,Tuesday,Weekday,0.3683105734962607,0.0045764738297299,2.8666666666666667,73.41269762217138,True,False,True,False,False,False,False,True
2025-11-05,8.0,41.0,8.0,2272,7.0,8.0,7.0,1.0,1.0,0.0,0.1951219512195122,19.51219512195122,0.0030809859154929575,0.30809859154929575,0.875,87.5,0.875,0.0,0.0,0.0,0.0,1.0,1.0,0.125,12.5,1.0,2025,11,November,2025-11,4,Wednesday,Weekday,0.3593187785091864,0.00432799566891576,2.205952380952381,71.29033901064561,True,False,True,False,False,False,False,True
2025-11-06,6.0,33.0,9.0,2264,19.0,6.0,19.0,-13.0,0.0,-13.0,0.2727272727272727,27.27272727272727,0.008392226148409895,0.8392226148409895,3.1666666666666665,316.66666666666663,3.1666666666666665,-3.0,0.0,0.0,0.0,-10.0,0.0,0.0,0.0,0.0,2025,11,November,2025-11,4,Thursday,Weekday,0.3268512460416539,0.00515193198782996,2.5154761904761904,70.79889709959438,False,False,False,False,False,False,False,True
2025-11-09,11.0,33.0,5.0,2294,4.0,11.0,4.0,7.0,7.0,0.0,0.15151515151515152,15.151515151515152,0.0017436791630340018,0.17436791630340018,0.36363636363636365,36.36363636363637,0.36363636363636365,6.0,6.0,0.5454545454545454,54.54545454545454,1.0,1.0,0.2,20.0,7.0,2025,11,November,2025-11,4,Sunday,Weekend,0.3256391248295327,0.0043358661038523615,2.1626623376623377,66.45665866206389,True,False,True,False,False,False,False,True
2025-11-11,11.0,39.0,12.0,2294,14.0,11.0,14.0,-3.0,0.0,-3.0,0.3076923076923077,30.76923076923077,0.006102877070619006,0.6102877070619006,1.2727272727272727,127.27272727272727,1.2727272727272727,-1.0,0.0,0.0,0.0,-2.0,0.0,0.0,0.0,0.0,2025,11,November,2025-11,4,Tuesday,Weekday,0.25194810996204725,0.004458127323198084,1.7730519480519482,66.25856517259663,True,False,True,False,False,False,False,True
2025-11-12,14.0,48.0,20.0,2302,7.0,14.0,7.0,7.0,7.0,0.0,0.4166666666666667,41.66666666666667,0.0030408340573414424,0.3040834057341442,0.5,50.0,0.5,-6.0,0.0,0.0,0.0,13.0,13.0,0.65,65.0,13.0,2025,11,November,2025-11,4,Wednesday,Weekday,0.24344470860150305,0.004453357836314745,1.6444805194805194,66.20091292639296,False,True,True,False,False,False,False,True
2025-11-13,6.0,26.0,16.0,2317,5.0,6.0,5.0,1.0,1.0,0.0,0.6153846153846154,61.53846153846154,0.0021579628830384117,0.21579628830384118,0.8333333333333334,83.33333333333334,0.8333333333333334,-10.0,0.0,0.0,0.0,11.0,11.0,0.6875,68.75,11.0,2025,11,November,2025-11,4,Thursday,Weekday,0.30584659243195833,0.004006113473260797,1.1920995670995673,62.662300986989244,False,True,True,False,False,False,False,True
2025-11-16,5.0,22.0,3.0,2340,5.0,5.0,5.0,0.0,0.0,0.0,0.13636363636363635,13.636363636363635,0.002136752136752137,0.2136752136752137,1.0,100.0,1.0,2.0,2.0,0.4,40.0,-2.0,0.0,0.0,0.0,2.0,2025,11,November,2025-11,4,Sunday,Weekend,0.29935308593845184,0.0038079024820982647,1.1444805194805194,60.47099915355166,True,False,True,False,False,False,False,True
2025-11-17,1.0,35.0,6.0,2343,8.0,1.0,8.0,-7.0,0.0,-7.0,0.17142857142857143,17.142857142857142,0.0034144259496372174,0.34144259496372176,8.0,800.0,8.0,-5.0,0.0,0.0,0.0,-2.0,0.0,0.0,0.0,0.0,2025,11,November,2025-11,4,Monday,Weekday,0.2959683173968889,0.0038555367726903016,2.1623376623376624,60.89324033439517,False,False,False,False,False,False,False,True
2025-11-18,2.0,38.0,8.0,2345,12.0,2.0,12.0,-10.0,0.0,-10.0,0.21052631578947367,21.052631578947366,0.00511727078891258,0.511727078891258,6.0,600.0,6.0,-6.0,0.0,0.0,0.0,-4.0,0.0,0.0,0.0,0.0,2025,11,November,2025-11,4,Tuesday,Weekday,0.28708246640577467,0.0033876860070478285,2.567099567099567,67.2944408976383,False,False,False,False,False,False,False,True
2025-11-19,7.0,32.0,3.0,2340,10.0,7.0,10.0,-3.0,0.0,-3.0,0.09375,9.375,0.004273504273504274,0.4273504273504274,1.4285714285714286,142.85714285714286,1.4285714285714286,4.0,4.0,0.5714285714285714,57.14285714285714,-7.0,0.0,0.0,0.0,4.0,2025,11,November,2025-11,4,Wednesday,Weekday,0.2788303019036102,0.0037490895942578666,2.7192331478045766,71.47497901789465,True,False,True,False,False,False,False,True
2025-11-20,18.0,57.0,8.0,2340,9.0,18.0,9.0,9.0,9.0,0.0,0.14035087719298245,14.035087719298245,0.0038461538461538464,0.38461538461538464,0.5,50.0,0.5,10.0,10.0,0.5555555555555556,55.55555555555556,-1.0,0.0,0.0,0.0,10.0,2025,11,November,2025-11,4,Thursday,Weekday,0.25492438326084943,0.0034267005621914154,2.608843537414966,75.80949326077403,True,False,True,False,False,False,False,True
2025-11-23,3.0,46.0,22.0,2375,1.0,3.0,1.0,2.0,2.0,0.0,0.4782608695652174,47.82608695652174,0.0004210526315789474,0.042105263157894736,0.3333333333333333,33.33333333333333,0.3333333333333333,-19.0,0.0,0.0,0.0,21.0,21.0,0.9545454545454546,95.45454545454545,21.0,2025,11,November,2025-11,4,Sunday,Weekend,0.26372355510349954,0.0030524460727967733,2.585034013605442,65.81800211908703,False,True,True,False,False,False,False,True
2025-11-24,9.0,40.0,9.0,2371,13.0,9.0,13.0,-4.0,0.0,-4.0,0.225,22.5,0.005482918599746942,0.5482918599746942,1.4444444444444444,144.44444444444443,1.4444444444444444,0.0,0.0,0.0,0.0,-4.0,0.0,0.0,0.0,0.0,2025,11,November,2025-11,4,Monday,Weekday,0.20795432433426875,0.003527439746612278,2.67233560090703,66.70134147442923,True,False,True,False,False,False,False,True
2025-11-25,6.0,47.0,14.0,2375,11.0,6.0,11.0,-5.0,0.0,-5.0,0.2978723404255319,29.78723404255319,0.0046315789473684215,0.46315789473684216,1.8333333333333333,183.33333333333331,1.8333333333333333,-8.0,0.0,0.0,0.0,3.0,3.0,0.21428571428571427,21.428571428571427,3.0,2025,11,November,2025-11,4,Tuesday,Weekday,0.23102699634311102,0.0038838435767003182,2.791383219954649,69.7630302412437,False,False,False,False,False,False,False,True
2025-11-27,4.0,24.0,8.0,2389,7.0,4.0,7.0,-3.0,0.0,-3.0,0.3333333333333333,33.33333333333333,0.0029300962745918793,0.2930096274591879,1.75,175.0,1.75,-4.0,0.0,0.0,0.0,1.0,1.0,0.125,12.5,1.0,2025,11,November,2025-11,4,Thursday,Weekday,0.2541562480437913,0.003814653623122413,1.8985260770975059,68.9790707038811,False,False,False,False,False,False,False,True
2025-11-30,4.0,18.0,10.0,2415,0.0,4.0,0.0,4.0,4.0,0.0,0.5555555555555556,55.55555555555556,0.0,0.0,0.0,0.0,0.0,-6.0,0.0,0.0,0.0,10.0,10.0,1.0,100.0,10.0,2025,11,November,2025-11,4,Sunday,Weekend,0.3034461394389458,0.0030836149389920444,1.0413832199546487,59.346561585568345,False,True,True,False,False,False,False,True
2025-12-01,4.0,26.0,4.0,2410,9.0,4.0,9.0,-5.0,0.0,-5.0,0.15384615384615385,15.384615384615385,0.0037344398340248964,0.37344398340248963,2.25,225.0,2.25,0.0,0.0,0.0,0.0,-5.0,0.0,0.0,0.0,0.0,2025,12,December,2025-12,4,Monday,Weekday,0.31203130427411063,0.0030066057333521337,1.1587301587301588,59.21136272651092,True,False,True,False,False,False,False,True
2025-12-02,7.0,34.0,6.0,2407,8.0,7.0,8.0,-1.0,0.0,-1.0,0.17647058823529413,17.647058823529413,0.0033236393851267137,0.3323639385126714,1.1428571428571428,114.28571428571428,1.1428571428571428,1.0,1.0,0.14285714285714285,14.285714285714285,-2.0,0.0,0.0,0.0,1.0,2025,12,December,2025-12,4,Tuesday,Weekday,0.31719126299444095,0.002931960810348257,1.2505668934240364,58.909519234737594,True,False,True,False,False,False,False,True
2025-12-03,4.0,32.0,8.0,2419,7.0,4.0,7.0,-3.0,0.0,-3.0,0.25,25.0,0.0028937577511368336,0.28937577511368334,1.75,175.0,1.75,-4.0,0.0,0.0,0.0,1.0,1.0,0.125,12.5,1.0,2025,12,December,2025-12,4,Wednesday,Weekday,0.28458256734226695,0.0032852043988565267,1.4529478458049887,65.52979413420313,False,False,False,False,False,False,False,True
2025-12-04,16.0,39.0,7.0,2418,13.0,16.0,13.0,3.0,3.0,0.0,0.1794871794871795,17.94871794871795,0.005376344086021506,0.5376344086021506,0.8125,81.25,0.8125,9.0,9.0,0.5625,56.25,-6.0,0.0,0.0,0.0,9.0,2025,12,December,2025-12,4,Thursday,Weekday,0.27808073584043547,0.0032699794683243217,1.3626700680272112,65.71752424164521,True,False,True,False,False,False,False,True
2025-12-07,4.0,24.0,13.0,2429,12.0,4.0,12.0,-8.0,0.0,-8.0,0.5416666666666666,54.166666666666664,0.004940304652120214,0.49403046521202143,3.0,300.0,3.0,-9.0,0.0,0.0,0.0,1.0,1.0,0.07692307692307693,7.6923076923076925,1.0,2025,12,December,2025-12,4,Sunday,Weekend,0.3129084967320261,0.0033140831404317207,1.5293367346938778,65.43886048448697,False,False,False,False,False,False,False,True
2025-12-08,9.0,27.0,9.0,2440,4.0,9.0,4.0,5.0,5.0,0.0,0.3333333333333333,33.33333333333333,0.001639344262295082,0.16393442622950818,0.4444444444444444,44.44444444444444,0.4444444444444444,0.0,0.0,0.0,0.0,5.0,5.0,0.5555555555555556,55.55555555555556,5.0,2025,12,December,2025-12,4,Monday,Weekday,0.3129084967320262,0.0031296899958178923,1.3428287981859413,62.69878619984603,True,False,True,False,False,False,False,True
2025-12-09,4.0,30.0,7.0,2443,8.0,4.0,8.0,-4.0,0.0,-4.0,0.23333333333333334,23.333333333333332,0.003274662300450266,0.3274662300450266,2.0,200.0,2.0,-3.0,0.0,0.0,0.0,-1.0,0.0,0.0,0.0,0.0,2025,12,December,2025-12,4,Tuesday,Weekday,0.2668767507002801,0.0035974988958822163,1.628543083900227,74.09160486007426,False,False,False,False,False,False,False,True
2025-12-10,10.0,54.0,5.0,2439,9.0,10.0,9.0,1.0,1.0,0.0,0.09259259259259259,9.25925925925926,0.0036900369003690036,0.36900369003690037,0.9,90.0,0.9,5.0,5.0,0.5,50.0,-4.0,0.0,0.0,0.0,5.0,2025,12,December,2025-12,4,Wednesday,Weekday,0.25812624194977135,0.00359115561964566,1.4356859410430842,74.06831158473535,True,False,True,False,False,False,False,True
2025-12-11,7.0,47.0,9.0,2437,10.0,7.0,10.0,-3.0,0.0,-3.0,0.19148936170212766,19.148936170212767,0.004103405826836274,0.4103405826836274,1.4285714285714286,142.85714285714286,1.4285714285714286,-2.0,0.0,0.0,0.0,-1.0,0.0,0.0,0.0,0.0,2025,12,December,2025-12,4,Thursday,Weekday,0.26027178101646187,0.0037025508256041686,1.4765022675736965,74.5474266127948,False,False,False,False,False,False,False,True
2025-12-14,8.0,35.0,4.0,2462,8.0,8.0,8.0,0.0,0.0,0.0,0.11428571428571428,11.428571428571429,0.003249390739236393,0.3249390739236393,1.0,100.0,1.0,4.0,4.0,0.5,50.0,-4.0,0.0,0.0,0.0,4.0,2025,12,December,2025-12,4,Sunday,Weekend,0.240884025914421,0.00375335553818982,1.3693594104308393,75.27260106589932,True,False,True,False,False,False,False,True
2025-12-15,11.0,42.0,9.0,2470,7.0,11.0,7.0,4.0,4.0,0.0,0.21428571428571427,21.428571428571427,0.002834008097165992,0.2834008097165992,0.6363636363636364,63.63636363636363,0.6363636363636364,2.0,2.0,0.18181818181818182,18.181818181818183,2.0,2.0,0.2222222222222222,22.22222222222222,4.0,2025,12,December,2025-12,4,Monday,Weekday,0.24585524517135462,0.0033901646826390323,1.3441970727685018,76.63607182929641,True,False,True,False,False,False,False,True
2025-12-16,8.0,54.0,15.0,2468,9.0,8.0,9.0,-1.0,0.0,-1.0,0.2777777777777778,27.77777777777778,0.003646677471636953,0.3646677471636953,1.125,112.5,1.125,-7.0,0.0,0.0,0.0,6.0,6.0,0.4,40.0,6.0,2025,12,December,2025-12,4,Tuesday,Weekday,0.2081568324729419,0.003205360799712852,1.0763399299113587,80.04091234252876,False,True,True,False,False,False,False,True
2025-12-17,7.0,31.0,11.0,2481,10.0,7.0,10.0,-3.0,0.0,-3.0,0.3548387096774194,35.483870967741936,0.004030632809351068,0.4030632809351068,1.4285714285714286,142.85714285714286,1.4285714285714286,-4.0,0.0,0.0,0.0,1.0,1.0,0.09090909090909091,9.090909090909092,1.0,2025,12,December,2025-12,4,Wednesday,Weekday,0.21122902909352564,0.0035469734492922784,1.2169294990723565,88.61913893273008,False,False,False,False,False,False,False,True
2025-12-18,11.0,50.0,6.0,2472,16.0,11.0,16.0,-5.0,0.0,-5.0,0.12,12.0,0.006472491909385114,0.6472491909385114,1.4545454545454546,145.45454545454547,1.4545454545454546,5.0,5.0,0.45454545454545453,45.45454545454545,-10.0,0.0,0.0,0.0,5.0,2025,12,December,2025-12,4,Thursday,Weekday,0.19503855290304942,0.004003806250568685,1.1390074211502785,77.32741246708585,True,False,True,False,False,False,False,True
2025-12-21,6.0,18.0,11.0,2484,14.0,6.0,14.0,-8.0,0.0,-8.0,0.6111111111111112,61.111111111111114,0.005636070853462158,0.5636070853462157,2.3333333333333335,233.33333333333334,2.3333333333333335,-5.0,0.0,0.0,0.0,-3.0,0.0,0.0,0.0,0.0,2025,12,December,2025-12,4,Sunday,Weekend,0.2691126269771235,0.0042818111010105644,1.3437693259121832,76.57563749986093,False,False,False,False,False,False,False,True
